,Latitude,Longitude
0,51.43752389769588,-1.5619900475819906
1,56.932943326722295,-3.5314354517446995
2,57.884666088505476,-4.667054761878851
3,55.83743872432418,-3.441908965860633
4,52.69616863238515,-1.6037538112404048
5,51.31873191464138,1.0729220401409147
6,57.534875157245054,-4.858082021591193
7,57.5678996102885,-6.207230112905233
8,54.233337119954854,-1.3383420440406653
9,54.8995860745983,-1.895124315568494
10,54.671264407495,-1.8573962083081037
11,55.730847367542786,-2.7565466100721796
12,51.34496248127993,0.4733022759851515
13,54.41149883100421,-1.1646240596611541
14,53.438822201329124,0.1323155065186512
15,51.108864791621414,-3.2453789200768215
16,57.12653533388974,-5.503467330047853
17,53.72358846284876,-2.3530630333390032
18,52.6158959645836,-0.9427374691260537
19,54.250268987129886,-0.5170697821758647
20,55.41452339654413,-4.6388536919404695
21,50.80399538907374,-2.872268787023435
22,56.656538589945214,-4.1168046967449925
23,53.89794948590615,-2.2336443717686043
24,57.67274405832575,-3.1747202781086665
25,51.75644945082185,-2.7236702094416856
26,51.66047739569933,-1.0682656906212769
27,52.35145767178614,1.5597966319974113
28,54.486964276702096,-2.976802209155756
29,57.01758397508689,-5.4350783971687955
30,54.13682346753653,-2.4807351283464047
31,50.3447992137819,-4.881438464917208
32,51.96739582022213,-1.2294897453850142
33,51.03885397148203,-1.9038308693205641
34,52.78051512440349,0.6698820880158163
35,51.967076027410435,-3.283571696001075
36,52.78432484649525,-1.214718902720156
37,53.18823724967957,-1.3719612973703397
38,53.32312870343367,-2.1032729343464087
39,58.541598233079554,-3.903875656414881
40,52.00755713148859,-1.3038558931716224
41,53.95715600130748,-2.165170370213385
42,52.95105689875361,0.017029896704599423
43,52.516221344668814,-4.022074929146153
44,51.63458820293723,-1.1037341461063956
45,55.06720064140857,-1.8432900594483783
46,56.70879961654226,-3.551265210529416
47,53.309178571193,-0.4798370211449594
48,51.03683325254472,-4.233891677404366
49,53.543311359782614,-0.6694584224511395
50,51.904648049905454,-2.3503659109848636
51,52.235563943838436,0.2284455821427276
52,52.1831393781525,1.291024917388146
53,52.454123741661505,-1.9747635808256812
54,55.060005862629126,-4.326940968757055
55,55.01533157924924,-1.682823616607652
56,57.35570710544327,-2.25949702883051
57,54.37869595542711,-0.6166265296681246
58,51.6959013989618,-0.16332577428618222
59,55.6630624440521,-2.2749777380051883
60,50.30342414897778,-5.164330318389093
61,58.130399143004915,-4.540288851710981
62,57.29888657278058,-3.81630636137469
63,53.99893692243896,-2.6400674923139134
64,56.42090578027032,-2.855798516260985
65,58.3123124046165,-3.4440929459339324
66,50.962971052203415,-1.9229492733382125
67,54.081002280935465,-1.4631433823716717
68,57.76830731501936,-5.254725255948918
69,52.49123253784096,0.43601804729296845
70,51.761659036548004,-1.4424241385089625
71,56.39825472879183,-4.0829727320351665
72,56.475408841461345,-5.221851292332495
73,53.61676142476217,-0.2610551636619345
74,58.052611657342716,-4.48644394829412
75,52.9711850429571,-0.5354058798647383
76,55.10067375989395,-2.538772200017055
77,52.289150021113784,-1.7908332550987982
78,52.22652152761161,-0.08224623109398976
79,57.5792192032441,-4.173604690542241
80,57.16184405318848,-2.840078068289329
81,54.39316680038869,-1.4812319589481433
82,54.9551203695369,-1.4919480214661789
83,53.04424626192995,-0.8748674783042736
84,57.25073830591835,-4.371915561608251
85,51.74524687989254,-3.2307748402253402
86,53.286881009134646,-1.4557936099135347
87,58.59491531833126,-3.4341189353323953
88,53.08481310082136,-1.130024257357257
89,52.965847516734385,-1.055596730290402
90,51.88341129841861,-3.8589073144041626
91,56.059794695813025,-5.40788685972054
92,52.727335808650245,-3.5051786568823307
93,52.50865495945216,-1.4585396050361883
94,55.321932065282915,-3.758401183569961
95,56.06209308303583,-5.010836611628532
96,54.68658332871348,-2.9566250339278417
97,55.40165427218308,-3.285472946732809
98,57.54505643656339,-2.2692208552905653
99,55.360927264363355,-3.0387397781272814
100,57.45014863526767,-3.627102208808986
101,56.70370329322431,-4.797077347318044
102,51.77617342003935,-5.059796611248427
103,52.091897431666084,0.3927930557972257
104,51.45386633492098,0.6050805277486653
105,56.85769147448586,-4.721020762112522
106,57.72694544068935,-4.434945594576705
107,50.86102806709181,-3.899676564436949
108,51.334763067771746,-2.710392436916581
109,51.32880603306348,-0.787713378184721
110,53.032337094821656,-0.44519071061716353
111,57.458158579360486,-2.3868097194074576
112,51.01139176515403,0.021596086927830882
113,56.44051530806825,-3.988748466425384
114,51.01796146057802,-0.5838961978563582
115,51.962101564754484,-2.1427596904119603
116,52.61643686343517,-2.43110012562041
117,51.60409381593355,-2.4170591715349508
118,55.72997739072566,-4.402364000530156
119,52.23134298115183,-1.8059013948556766
120,58.42586567246869,-3.429818047259962
121,51.354811793113925,0.10390239532076784
122,52.19790719977989,1.0704672142516767
123,51.68519515226827,-1.73150119670587
124,55.68276414543275,-3.0294888157314004
125,54.072948392983065,-2.6495515869411257
126,50.93718345388917,-3.251038198234145
127,52.23581925627565,0.9617461850172706
128,52.65848862049968,-2.4315921127208355
129,51.57982728132334,-2.918668325929623
130,56.68087382149145,-5.83997265429664
131,53.63412744865675,-0.27805382354073416
132,53.00073150211425,-1.574170084002584
133,56.02013782692768,-4.038315708127399
134,51.76212215867577,-2.5108831084743057
135,57.17264801408707,-4.361820139053676
136,51.890640129926936,-4.3373409251069335
137,51.28449761022483,-0.2723612477354109
138,54.87846592128065,-2.819691229310399
139,51.789933924293976,0.8348439988413876
140,54.92193336258109,-3.6150884375983674
141,55.36736656065806,-2.6184044506545447
142,52.742892389434175,0.10699001927628693
143,56.02089037504255,-4.014110357034515
144,56.623936620623084,-5.966845329195109
145,56.62164147692032,-4.253761448380849
146,56.50728840393218,-2.999134879884501
147,52.956995228844214,0.8938901079515755
148,51.08857029245038,-3.2170177636141197
149,53.03926166349352,-0.13151567830384892
150,52.7598146761291,1.5228753333615437
151,54.099603578011575,-2.543610538296095
152,53.007142467463574,-2.9187483066948587
153,57.96854180334928,-4.989720272322906
154,51.767640808176644,-4.563856725994778
155,53.9960960814248,-0.2968429238515
156,52.54176167667745,1.286902541413033
157,53.03763644134645,-0.6912143298171127
158,55.5842623073073,-5.535375692086264
159,53.15261514132777,0.27921252850568123
160,52.03207038645701,-0.24753487506566607
161,58.20748842943015,-3.7258567568061958
162,51.18609781876963,-2.082645520442333
163,51.70748397934234,-0.6072963024450342
164,51.65395986685769,-3.0346355562476584
165,55.30269440339754,-4.090755722367014
166,52.65091817750951,0.38546540932436635
167,57.0777608849421,-5.951712409880078
168,52.81335355226836,-4.663736427496286
169,55.303197800305064,-4.514767897380476
170,53.95690503864564,-2.2482311206984447
171,57.47948787758499,-3.8947630562679
172,57.50016237076926,-6.549977898747263
173,50.66587334928384,-2.475831071004709
174,53.01480700454035,-3.336212319225365
175,57.49654427476926,-6.3719501982729225
176,51.56049724855636,-3.2574591298228377
177,53.82456337861765,-2.4681856106431246
178,50.66194041920801,-4.333927602736716
179,53.1821323903317,-2.9781049206216608
180,52.23811465002672,0.7977520053612874
181,52.75780400297781,0.8533355042122661
182,56.53042491871617,-4.135915535656304
183,50.924966908678066,-3.301606142759474
184,52.013035678070125,-4.3384363680040305
185,54.32997940356803,-2.4803168350789147
186,50.95194628598031,-0.09100970781093842
187,56.47726585411458,-4.50630112800894
188,52.61926438239303,-2.8661670195068325
189,52.366255684833334,-2.889245366044644
190,53.917680556779956,-0.6115738239496089
191,58.40522089836022,-3.3597771250536086
192,51.11833831111438,-2.1477611622083232
193,54.24758649971943,-2.405739148556803
194,51.67044463308296,-0.8058161634634837
195,50.95544149154264,-3.778949529015886
196,54.11373872072039,-2.4075789658918367
197,51.83997535485363,-4.137189911360699
198,51.75913474699251,0.7459226516324851
199,52.46977107151009,-1.5187219820550553
200,54.38777131487978,-1.7188268537093716
201,55.45348942584907,-3.0137957606324823
202,58.066218392278586,-5.349690359484624
203,52.87198470408778,0.7001777898746919
204,58.24862093561973,-3.8181401884578943
205,55.46375706587398,-3.7322043374098124
206,58.207275216694036,-3.96441923245634
207,58.46017989535037,-4.074388441449336
208,52.74780652951753,1.3228885577645997
209,55.47829426654403,-2.5657927836531966
210,53.3311149550192,-4.5336099660182665
211,53.23999853040878,-2.080393741807499
212,52.94631046046607,-0.1767834000942532
213,51.15333424947628,-0.0003031323385300766
214,52.29941621775672,0.21148232408564738
215,51.986707836205376,0.6959233016965882
216,51.13103970498676,-3.1170693020173177
217,51.428136090150545,-1.898037647539235
218,54.967850351971826,-1.515361689709037
219,58.13131814708957,-4.337917241941638
220,55.16017615006498,-3.8378207780160523
221,57.89010240851066,-4.178341313627495
222,56.88832688050201,-3.9574603658419
223,51.62939363429214,-3.8700138995556443
224,53.7579552544693,-1.7642278538258118
225,50.78310506771978,-4.206617652904529
226,58.484070485225885,-3.976543034296456
227,52.45329254679021,-2.7450458243948654
228,50.887335260438384,-3.4203441964928194
229,57.42128183081154,-6.581007641359085
230,50.62642653023671,-4.6022587613240304
231,57.512945073023936,-4.679293031486529
232,56.40480573699752,-5.826097045799198
233,51.24856805019661,0.18583272847943988
234,56.54935169291804,-4.403239802849839
235,52.81202734341847,-1.1768494677803671
236,53.91772565677727,-2.629126709444165
237,57.853975762836825,-4.868925777699908
238,50.92416380184605,-2.441499334073929
239,57.43179099513917,-3.9618165791574
240,53.89037483462207,-2.0058329697018022
241,53.6658731141214,-2.2534685134470473
242,51.43579029560394,-1.5820471949313024
243,57.877847394672145,-4.748390617253686
244,56.626618278543674,-6.554604390008288
245,57.07853593999428,-5.728888856647383
246,52.28983712474268,-1.5345765131669156
247,52.31299537843024,0.45162416522890325
248,55.428421928367065,-4.201760923936974
249,52.17994675086032,0.2992046138556468
250,54.17871207984092,-0.7069486023568947
251,55.107300506915294,-4.944252118534909
252,52.88071371170392,0.4782044167831305
253,56.62451579886566,-3.9208832239718125
254,51.52225281216009,-3.3568115472519917
255,52.42622598555698,1.211583758080426
256,57.668744505585444,-2.343800647643328
257,54.36725448404039,-3.0597789324749813
258,51.84395877160896,1.1393704995643947
259,51.31434362815555,-2.0792618116570063
260,57.57767099024831,-4.973019916702124
261,53.06991287361339,-0.6207118411768136
262,53.76468394051532,-0.985410210706835
263,55.075162007668055,-4.497046565763827
264,53.08626696862604,-4.222972486271294
265,58.090803344692816,-5.060270487391643
266,50.80143434722581,-1.192175932949164
267,51.45135275260539,-1.665551295689613
268,50.64914094988755,-4.627387187213736
269,53.3420863260879,-2.608777196563717
270,52.714239363164744,-2.29387505977149
271,51.83741665858878,0.9573019702433765
272,53.88809985191215,-2.3777898101628523
273,56.480276561163436,-2.9886692465146947
274,51.71232035239529,-0.9732142250581717
275,53.278803567589,-0.2211951364727085
276,57.55382462885189,-3.6701076781661293
277,53.2324205638429,-2.391630026920139
278,52.45246640540863,0.06011580556751461
279,57.464342714926595,-3.1051072358452103
280,53.839988262794,-1.376720799556579
281,52.07190498036019,-1.3444095923378798
282,57.4265280388556,-2.853335493130518
283,51.030328348897385,-1.6157417263317546
284,56.84443091647144,-3.5317643371929544
285,55.73183536015212,-2.9788328616456594
286,54.94739393134734,-3.6563698486977056
287,51.83475897418328,-3.556968566005585
288,54.90927441439206,-4.757370229188222
289,52.80805117145988,0.6091508142881459
290,57.01407787149305,-2.2811923723268643
291,57.00300018135018,-6.324587327421529
292,54.54206688976785,-2.7267754925397396
293,57.80972395053928,-4.485349646943977
294,53.95982523286425,-2.777985697928587
295,52.90661898995708,-2.9118033069552975
296,51.61462013375822,-4.95621221976789
297,57.301457843496976,-5.011910393994202
298,55.589722591976475,-1.734033335733363
299,52.0006116362399,0.7159938626293503
300,50.92704083978657,-0.7558332250124034
301,56.155214345096645,-5.0499317075281915
302,54.974975403380554,-1.4243564039835137
303,58.10680007985925,-3.9025368313130615
304,56.70540762883222,-3.3863282035978965
305,56.420597766467104,-5.814345657822816
306,50.943125969043805,-4.330388185697934
307,55.74559259388623,-4.496407547187258
308,55.97476543583258,-3.783948128741655
309,55.652697643202465,-6.167767677215744
310,54.43317408915674,-1.0984651008894577
311,53.842526298433604,-0.7417889384857679
312,50.78077456166703,-3.5770675767825573
313,51.298251263234626,-1.605491541785475
314,51.516957360450256,-3.6485773123042264
315,56.79386981657575,-4.149870698211504
316,52.92562652508204,-4.088098675384886
317,55.67274680081045,-2.473768141594178
318,52.21441383385009,-2.137421830121599
319,55.084465255504256,-4.505463613779207
320,58.55358705993004,-3.5330316628563168
321,52.71999436945482,1.2281144057559015
322,51.94977312088491,-1.525907324316984
323,55.50443362228698,-5.667855964654672
324,54.60663145362096,-3.190499117742193
325,53.19472690718324,-2.1481305071839234
326,56.84193768530503,-2.7097518170442516
327,53.22720106200736,-0.5435812906686124
328,58.46674667774807,-3.3580126490685984
329,51.34905854125903,-0.8786562303832772
330,55.82516537302624,-5.511877127733788
331,54.15924443675295,-1.7169464634275
332,51.23822498536736,0.5137430722292944
333,56.605099813059596,-6.5588385415636505
334,53.102973303272066,-2.5944262521665706
335,51.18015482699779,-2.3164735995737953
336,58.12417415395386,-5.1505646931208275
337,56.73984337878076,-2.843013010755974
338,52.219799564178636,-1.3444340198800235
339,51.6025405754105,-2.1644792629124483
340,55.01096573243002,-2.8321696012289514
341,53.52719094960341,-2.5213666245354824
342,51.3295218960059,-2.9742250819767397
343,52.27291181898194,-2.804579541690435
344,53.56708540559377,-0.4283567051411623
345,50.74906644866075,-2.6003004679736756
346,51.25907054070935,0.18301232705195503
347,50.25087431968994,-5.07133280571535
348,52.806783365910064,-1.7223218153146762
349,52.171434185478006,0.3016132831531362
350,51.29634727104842,-1.498525487811528
351,52.7628457813095,1.0650014796927163
352,52.05850985412606,1.4078267184012496
353,52.099800794547185,0.6663821787359616
354,53.26658158391806,-1.6809561498728982
355,54.4356505954628,-0.746361709752712
356,54.22640578264596,-2.9808891571987397
357,54.61901096363107,-1.7774899665152644
358,51.67036046520945,-1.1934197519910086
359,54.88654833928665,-4.959203976057987
360,51.18881059594301,-3.06747501818779
361,56.83688882665575,-3.3649345068181153
362,53.58224396329121,-2.9587222927973267
363,57.68858970880382,-4.4862618067619255
364,56.21072797361529,-4.535070643450597
365,53.11075032914202,-0.874965738223886
366,52.721763952831864,-1.5974442412777945
367,54.345290170230136,-2.1960152866515052
368,58.25021020454623,-4.809017300448634
369,52.981031487245836,-3.359565659319955
370,52.70067635530242,-2.6346977068525383
371,55.36756282501662,-3.9959910162414127
372,52.41579354486164,1.695918131628849
373,56.46063987262198,-6.944053233735847
374,54.38089466718396,-2.4799718702318865
375,51.27324281806376,-0.026032719646590152
376,51.25002963449997,-0.3936372390145131
377,55.85966871076917,-4.373932429980747
378,53.55440429439132,-0.933977595570548
379,55.44233468610092,-4.599874147178275
380,56.68949318884933,-3.8424188661954144
381,56.63808252604526,-3.4262939443535103
382,52.46402803511565,-0.7203914676863183
383,53.62747507023202,-1.215909564299258
384,57.16919520003656,-2.1108465282777216
385,57.53773912444232,-3.9260557858598597
386,57.49762116948373,-5.134410289862066
387,57.08026692991897,-2.8441813605891673
388,52.90183474219679,-4.415046033400346
389,54.27054931560949,-2.4522198111504645
390,53.388611052894966,-1.153831052448199
391,50.79660732620638,-4.549255049825748
392,55.93820916784168,-3.519666876685921
393,51.3114162641821,0.6518639430579949
394,55.658452898258,-3.910368364901248
395,56.94179332637262,-5.7861704273401875
396,51.37102914739713,1.1328354537438337
397,56.221284565692535,-5.127929577696411
398,52.82949056810064,-0.5410277015266995
399,56.49831995151846,-5.809049522820544
400,56.18980327837225,-2.8183104134314227
401,58.44101096414986,-3.871516377039117
402,52.31620044576319,-3.3192743515083345
403,56.634345360999234,-5.988688521612497
404,53.332877921070285,-4.41720695764366
405,53.60452706286837,-1.0037313045878964
406,50.295845331599054,-4.983078629275207
407,52.0431574834075,-0.7173117373787861
408,55.07376570835,-2.7120406022241204
409,50.664826289277464,-3.7709445634257905
410,52.53960242621115,-1.2216122346780054
411,56.96476753303479,-3.083102173232011
412,54.43199837528998,-1.8987156172395965
413,52.10036425875896,-2.26663154140072
414,52.5149193054476,-1.7146369355054247
415,56.98714796497656,-3.507865844121965
416,56.265906186683594,-4.2424697850149045
417,52.19409395044521,-3.021406471377266
418,56.47844796984182,-2.8543041138479515
419,51.49925800383249,-1.5757838386564886
420,52.66812926789019,-0.002646792721339608
421,53.84406721171227,-0.5537587162515383
422,57.21768418744052,-4.688927701017924
423,53.14106237654255,-1.125157675160608
424,51.03420608603583,-0.9568719679379631
425,54.29165983558296,-1.5055276770226707
426,53.24705873637393,-1.2855898699404973
427,55.389451174233116,-5.633368655520924
428,51.369631552562055,0.28478675767190964
429,52.429184828150824,-1.5784135500746865
430,52.58034899015289,0.6524333009146943
431,52.8602324477225,-2.0913572477106896
432,53.259702379148514,-2.898738842501097
433,56.16481218205612,-4.431761297427651
434,52.334873942847175,-1.4793807177013623
435,53.34303384484709,-1.911620488504263
436,50.74010018004258,-2.5514395214000922
437,55.1290831404674,-3.0900866774743116
438,51.693261350697796,-0.0204463574940128
439,56.346141122299855,-3.173596532203243
440,55.08296992185441,-4.519064172268567
441,51.01256188000956,-1.7680086347103163
442,53.35434904074941,-1.9157537471360646
443,53.426460904504886,-2.355053013863646
444,57.55098214334368,-4.759463414862586
445,52.713831119925885,-1.0074953827878907
446,55.32750194080113,-4.036829531443909
447,57.24379693701671,-4.767376229792003
448,58.453216194133844,-4.84379386503862
449,51.482589878596436,-3.2222508506502914
450,51.60576932729348,-0.06580013398473739
451,54.71573243241012,-2.875174430757837
452,58.37488327706818,-3.4082804595810954
453,57.45307383218065,-6.28983957599419
454,52.4387790891968,-1.475041832680886
455,50.891562273673294,-0.3534306107799807
456,52.23762307955105,0.33825073073651346
457,53.00775410253026,-3.967766724084923
458,50.33197823419982,-3.8879728090260333
459,52.34390003021648,-1.8512526729640646
460,51.92114901828222,-1.8818552339632504
461,53.73671375390931,-0.11373892649407935
462,52.82465063670062,-0.6948059275234684
463,55.01234120731831,-2.7099312742202564
464,51.21082606886573,1.0381529957636442
465,51.98559468309688,1.0150282879422203
466,51.64075071228678,-2.398253163023349
467,55.17831834799992,-4.9047024632982055
468,53.544752018572595,-0.3744697677975939
469,55.29176736203805,-2.0635957134141574
470,53.34654108504417,0.15607580465879956
471,51.06674330434744,0.9367110252016957
472,51.81478779533953,-0.8994564244076448
473,55.10342519936116,-3.9667008897778393
474,56.26276694470091,-3.0202752654383946
475,51.112996038408916,1.264661948155796
476,54.59725785993193,-3.528034747704914
477,51.224823279395004,-2.9065349190833745
478,56.27831821987846,-6.2832100620629365
479,52.868912023268855,-3.5799883103764074
480,53.08679398152829,-2.8445660768552514
481,57.60030610016652,-3.785485009726181
482,52.68069969941857,1.0114348266835798
483,50.639271817516885,-3.3749001595201262
484,58.164341418127634,-3.616429538963037
485,57.31659370816562,-3.6863314732472743
486,54.34456321574128,-2.862146655253503
487,51.52440974368943,0.08843753262891596
488,52.142455696239864,1.5131082021127291
489,52.08232248957173,-4.405090344267301
490,54.899626544968605,-4.518684396696555
491,53.19156912080526,-0.5226721589522274
492,50.86584064434257,-0.4389487381974071
493,56.719325010577045,-3.0359588715576056
494,53.298430869485216,-2.6300274192366517
495,53.94069887676648,-2.1542266160928856
496,52.504495030835926,-3.5181440626473055
497,53.489280218357806,-2.338512611206947
498,52.67539417060575,-2.801446182630859
499,51.044125717439286,-0.7482936027482792
500,53.820773830549115,-2.075941002398751
501,52.914506960444015,-2.8386249105468337
502,52.656029634479964,-2.696269655216166
503,55.37701083479811,-4.344381325067594
504,53.67335486240354,-2.8162443887794657
505,52.05066641068538,0.7602256614751717
506,57.278330979299035,-2.3294541320487108
507,57.25671049275111,-5.77503410465779
508,52.299803305195965,0.12600248419992255
509,54.58542062810504,-2.095559057209515
510,54.60556262471107,-2.240887132498713
511,53.26972186186243,0.17038794701133497
512,56.295412387894004,-2.944592348656621
513,51.69848869969888,-1.9491227694753261
514,55.12605003803396,-3.2864719800943956
515,51.834861475630625,-1.2756555308070903
516,53.7662359435781,-2.967463781902489
517,53.15974575998095,-2.967277586442301
518,56.52627569514301,-4.60571899024604
519,52.098933355108485,1.0975971429224813
520,53.43496990225815,-1.678369053733582
521,57.31879875118667,-3.4947021332711863
522,54.91726436763688,-5.113883159830433
523,51.34061660116034,0.06390555619279148
524,54.1860233799877,-0.7416758080299539
525,53.28215735764503,0.028600252092058298
526,58.12965377499923,-5.2559535892722975
527,57.36614658768026,-2.133975075445367
528,51.74869457442631,-0.5924500467038882
529,53.387580434174126,-3.1570756569275034
530,50.786254521021355,-4.004828316574914
531,53.75482343264184,-1.1730728337835457
532,51.8570952967149,-4.280192816890134
533,53.664845355077894,-2.9116134644843656
534,57.42211852161957,-5.5123161748681575
535,55.54503911419472,-5.165525563283222
536,55.59199273476776,-2.5378399052538354
537,55.97827013695096,-2.787797918862669
538,55.19165529740821,-4.186939124349225
539,51.9695326220832,-3.7686675323152725
540,52.88287596033433,-2.3126274872480295
541,53.05956797512788,-1.81322003486361
542,50.91136101931528,-4.004459762431602
543,52.264512215449955,-3.7329185714291757
544,52.54179732914156,-1.6339845201128433
545,53.73258035056099,-2.8650550973927054
546,57.540114546819645,-5.486897350917285
547,51.55294394661008,-0.06518213486447522
548,55.15680079322293,-3.7741339666633067
549,56.91598395179792,-6.126279031591832
550,52.42400098478515,-2.2699407528501174
551,56.527222431423276,-5.7476536126545135
552,54.95305441618342,-4.98152310720119
553,51.8762735339515,-4.033293186638576
554,52.78031863453378,-3.984155339432487
555,52.10145529060333,-3.1582269267531977
556,56.255210728417886,-2.91512661628661
557,52.30800791805406,-1.3926282457709807
558,50.69546574076985,-3.9658122453974602
559,53.00239056144884,-2.4288105548732037
560,53.461007658855316,-0.15483500239426817
561,51.472692234159446,-0.7894165225715168
562,51.554414784627866,-2.929866988055746
563,51.31598334111215,-1.5379072566472942
564,55.539855405390355,-5.527884320806828
565,53.835991771507885,-1.6766651546222633
566,50.58667063673197,-3.962789883823599
567,54.157368706544815,-2.200954772148516
568,56.35856437344793,-3.475357886766064
569,52.26675084298555,-0.6550927159734519
570,57.41897561391501,-5.327341012304336
571,51.048782027948434,0.2594944609940537
572,51.71622487911456,-1.6451501040095966
573,51.73986773113867,-5.070667017305947
574,52.22095873971648,-0.3568140702559397
575,50.26492298571536,-4.932134578851128
576,51.621419612587076,-0.9350486083197103
577,56.56662393490372,-3.6553885587400226
578,56.477844548652605,-4.2046541619859426
579,54.58155005927081,-1.3657150767243618
580,51.47403314182193,-1.9122628413441092
581,51.17346318970278,1.291782081111684
582,57.05240854191587,-3.5943102072109214
583,55.03110892636473,-4.115049029738378
584,52.706515625685654,-0.7787724688201383
585,53.536939485799124,-1.9257092626506491
586,56.00777216490073,-3.642488842110005
587,54.47540062065943,-1.1970832526689739
588,52.16046332107405,-1.2717265892974954
589,55.87636097591798,-3.6893693664437137
590,52.140777357584305,-0.3869692248845329
591,52.41593321149336,-1.4200211075215368
592,52.639137655728675,-1.8044656446554344
593,55.800317275987055,-6.306705511119373
594,53.09883892238331,0.05875266627491982
595,56.367258602064965,-3.4692044064975285
596,57.33013934084812,-2.168452780250906
597,50.90617014322698,-3.9737609775132086
598,51.862883893947824,-2.815170672383754
599,53.337370254376225,-2.6998753882960793
600,57.202335836976424,-3.6176048058870274
601,58.5325973270014,-4.3191870344058065
602,52.78726954929706,-2.4091333552033403
603,55.73276836679751,-2.9939193677605926
604,52.53115159447712,0.15558773817012295
605,55.5951959293961,-3.3538646019243084
606,53.13482157220335,-2.823531754632458
607,57.88565736812028,-4.614201174916866
608,51.86278316575512,-5.308697098276154
609,51.78651762324811,0.3743753053745742
610,56.64542161383153,-4.446091346160181
611,51.90856948723806,-4.602396526750357
612,53.703190501494454,-2.280822154454972
613,55.87559062587607,-4.976157758947899
614,55.68678866258856,-2.1388369348487988
615,51.82676194344696,-4.230814025759889
616,53.31602491734984,-0.8065730610804271
617,54.14498325093072,-1.4375541264111584
618,52.14853960711547,1.203845757248427
619,58.54525772096639,-4.748867446965894
620,53.886067823249604,-0.3199220968282308
621,52.1458904696087,-1.945432052679669
622,52.76394323035803,0.013499208039666755
623,53.68694929942976,-1.9009662454857512
624,51.885683438908934,-2.838518282887202
625,52.06733141175237,-2.17395584456236
626,50.59763519336801,-4.589160392419161
627,57.18189966006598,-2.8583234016585397
628,56.809495795986834,-5.1067855236196245
629,57.18984321877713,-2.377220482363729
630,56.86737238896867,-3.215928126542213
631,57.81422442650684,-5.074959810610519
632,53.49803826096433,-2.211325738838749
633,51.38168382051267,-1.0583334752050186
634,56.920091535876296,-5.002385171228163
635,50.79411525504173,-2.7811003951517606
636,51.73175722969273,-4.991876064158369
637,53.301215752002214,-2.262176618265011
638,55.580572793468015,-2.4477035721853007
639,51.47708672666549,-1.833383704391581
640,53.304280769173474,-1.380841389426033
641,52.22889914565904,-1.1083037203709045
642,52.67680447172097,-1.442081732302702
643,51.70762423933942,-0.49845462187683864
644,54.26254684722154,-0.829071803327194
645,52.87634055542446,-1.7764738720789017
646,57.52888685807397,-3.289150217721085
647,51.298653980809505,-0.9718290713400144
648,50.983795754061376,0.680099903791433
649,52.222357616275154,-3.90201130505901
650,53.55758091387075,-2.7609312099846974
651,53.397025782465555,-3.0343882565880502
652,51.80609925674207,-4.95140560847079
653,52.671717554600775,-3.273984079638174
654,51.701141212648494,-0.5180320926131579
655,51.09682411281786,-3.3078887625777913
656,51.65113018946944,-2.3112563358679985
657,55.30835134356333,-4.6516147703391
658,52.66840017466544,1.5930241779369538
659,52.58472277933788,1.4479129270508668
660,54.88071100003744,-5.057832759399605
661,52.49168750622843,-3.3641928654283326
662,56.73436329410538,-4.66238712386171
663,51.98183363737125,-3.0396049757324395
664,55.82616576795326,-4.367646978613425
665,52.51546370151481,-1.1061525637929277
666,52.49427207346822,1.5371126767065952
667,50.967134238474586,-2.056941764773553
668,56.50029500127013,-4.700607921952706
669,56.145021220134176,-4.619387002986807
670,52.875153669164206,0.8009642923129867
671,50.205024132292884,-5.484027453851342
672,52.94603294307518,-1.5845300089392884
673,55.49447064783901,-4.375376129873531
674,53.505667078666484,-2.9408640717621752
675,50.65269074881278,-1.2742850325462145
676,50.889448191913395,-3.2278902403507868
677,56.535274582325464,-2.7367253665469393
678,51.139530940517595,0.2908376256780443
679,55.15876746248317,-2.9836804149022873
680,56.21376263466753,-4.811407950970844
681,52.74129109462324,0.18616644568198915
682,57.56929101886406,-4.8384828221730025
683,54.00613663607363,-1.8174963010697418
684,52.13457259161344,-2.7544510677216767
685,50.928828211394695,0.052849223458141026
686,52.155396374464665,-2.0079849534076537
687,53.464323125894424,-0.9094542721553207
688,57.086135464359195,-5.622285129565507
689,53.66694968725276,-0.2603030878248891
690,53.19099664807239,-1.9711082692168675
691,52.560531900166175,-0.22651570139142052
692,52.38518571255696,0.04269078080758959
693,52.705051922925946,-3.094772801933698
694,54.90413842556308,-3.1773455474304315
695,56.0778720631763,-5.439624769803396
696,54.92471180977317,-4.545971175986511
697,52.59290604249891,-1.043229767007837
698,55.08334300937009,-4.855844397661624
699,51.18075078094738,0.026078613354449942
700,53.24853577623409,-1.0866853688217288
701,54.81671984774599,-2.8873466832492056
702,50.19500108943602,-5.002929814181972
703,52.553810110446854,-4.0177716815821
704,56.590629846812995,-3.2536110302534524
705,56.79409232772502,-2.8746950530189004
706,54.86098366969149,-2.776366766545828
707,51.11522650399004,-0.31028788452432465
708,58.29830823771893,-4.131738416655383
709,56.137382794643756,-3.6455340092191912
710,57.4881086492379,-2.9456018884859576
711,54.79814781608164,-2.1268796561740055
712,50.52972204720769,-4.526228591365612
713,57.30203521346327,-2.7086350825721395
714,51.58089412593357,-3.6706250996558847
715,50.76572780540703,-2.808071644491606
716,52.21151315211781,-0.07954146815957586
717,56.05556380987016,-3.9928876084339393
718,55.779298845600835,-2.713460125303323
719,53.894525318778975,-3.025855294867185
720,56.49987966474039,-4.031895316281587
721,55.60900203475723,-4.112337669459749
722,51.06084162625609,0.5448858285209859
723,52.88602056881675,-1.6765121606967126
724,55.96715848079068,-4.990017918992526
725,52.14796222744082,-0.20621884970613458
726,50.806602650144406,-1.192503006118197
727,50.1862947868481,-5.473851588235372
728,51.702897661399774,-4.993268268276486
729,52.56699285914535,0.8831391117743284
730,50.810326017487625,-2.8499990720931665
731,53.5220732260291,-1.3937865783720182
732,58.61597928288842,-3.2075496433964386
733,54.02344143241379,-1.6971709492581528
734,51.7268995874581,-2.3718914413112007
735,53.691882246797476,-1.4646265018967695
736,55.80621101093029,-3.8321096216838786
737,58.223945900298006,-4.151271267769891
738,52.786616131332174,-0.0575228884255683
739,52.50405282408644,-2.6588265799296478
740,51.97209861491714,-3.538807693495106
741,51.40050649661487,-1.0889880598432438
742,52.698712309936965,-1.931942017358831
743,54.53601907636071,-1.5820626774923943
744,55.68935819853817,-3.762459752550366
745,57.20092369895643,-4.748321144643465
746,55.565822356593564,-4.437379201445304
747,57.47851798820342,-6.011853833457186
748,53.620946453803604,-1.4680366979851485
749,50.69819445417965,-4.188395902266278
750,52.29000085776892,-4.012679876328554
751,57.30377220060304,-3.732042763427633
752,53.22614419218929,-0.5230663038616434
753,51.853559030471196,-0.07408532608160279
754,56.87108901381655,-3.300005211040694
755,54.763234817785346,-2.870520473633232
756,54.34842472814326,-0.8856644858903486
757,53.207637911316965,-3.280759476097991
758,55.44945921537059,-5.16963789260838
759,51.013878622916955,-0.38584959951321984
760,52.84881085309084,0.6059832477602924
761,53.40832975849009,-0.34048307270171563
762,51.5177764370872,-1.6719034088431206
763,53.548949572867,-2.8056136434491785
764,51.75764614267221,-2.091816099210991
765,51.79471664900463,-1.5463216138412896
766,52.783813845039326,-1.5036084078989598
767,50.93649221650014,-0.5414852657000999
768,51.837404289850774,-1.033167527625099
769,52.94625388386219,-3.1485364582965722
770,55.27000891851391,-4.031410971402424
771,57.46676799921616,-3.9483995804805767
772,51.18181611066492,-4.04352450088296
773,51.74068369567115,-3.094296092305516
774,53.857068475222626,-1.375578943153572
775,51.84557287862339,0.4157612901775032
776,54.2093177612882,-1.5429522059640135
777,55.987379075581536,-2.5619705300895
778,52.675264255980835,-2.153529220999303
779,53.194744749808045,-3.4407404566303033
780,53.787031285820326,-2.7757335016395324
781,55.46552040461136,-4.199034019747026
782,57.797728350062684,-4.630630802342604
783,51.69830724176348,-4.038551654723223
784,56.78108805693182,-3.79604152383662
785,58.322473569775326,-4.7352223585088655
786,57.20813433755775,-6.28519075759441
787,53.78723568460463,-3.0557651499969882
788,56.718319030748724,-5.803086379655394
789,56.57005613030007,-4.114227135893504
790,51.956617470837834,-3.9585379531878795
791,56.590075916672546,-5.225584894974707
792,52.706642088095975,-0.19868282792049996
793,54.25887409752253,-3.1286223764241186
794,50.38138889982965,-5.023023059952659
795,51.55562395752625,-0.9386058713056649
796,51.20010924026021,-2.116821930717255
797,57.34705787583129,-3.223839607795032
798,57.60698470549961,-6.3916436328262245
799,53.234431352368425,-2.486242446471418
800,51.71552213029372,-0.7265466309212458
801,50.88982042054992,-3.2346968837539682
802,54.61532569445943,-1.9557573460511497
803,52.100573800065774,-0.4211700676842547
804,52.57885285844816,-3.3572126500666837
805,51.7083232131956,-4.209970770768027
806,51.71882052754106,-4.1433416725467715
807,53.44093461763718,-2.36981613577687
808,52.44918223989266,-2.1986091742579745
809,51.04629985685876,0.6227015308291239
810,51.812738167865824,0.8509235849768864
811,55.563600163348354,-5.148152121310325
812,52.260166303620124,-3.7962042805089764
813,50.97321279034443,0.38174104491201355
814,50.78610483231799,-3.0041970747690394
815,50.815875871724415,-2.9236443356604402
816,53.37958306785211,-0.35479865307097924
817,52.57151601326261,-2.42913733668847
818,52.42665321961865,0.05215792087525806
819,56.11752373429361,-5.510334566188405
820,55.12686838755647,-4.673815050699733
821,50.92463554546537,-4.479850967886758
822,56.69019524545473,-5.739450282303167
823,51.52983324643308,0.31840156080921744
824,52.26456082713338,-1.9578351851724056
825,51.88905354466216,-4.914204970906186
826,52.90224622894864,-3.5952039289452156
827,57.5456552332028,-5.021700745030188
828,57.07611021731183,-3.2360182460245515
829,51.87750568386402,1.1489602941621548
830,51.58576077902919,-2.422871784975409
831,51.89949528286187,-5.050991014825119
832,57.139992767849805,-3.524199862043404
833,52.44529011340621,-3.351558206110581
834,51.78080960037244,-4.775261628416555
835,51.746579134689775,-1.7910771940875918
836,55.97905534436241,-4.149132828130712
837,54.830258423969426,-4.0432773704792595
838,55.81411806736005,-6.0719192200987155
839,57.42806253075556,-6.747445727306859
840,50.3087179050793,-5.029590520323767
841,56.56446098781649,-4.59263498940508
842,55.59992353530783,-5.270671946675048
843,51.86242079646753,-3.5914881863398547
844,52.00063342749722,-4.959154007336291
845,52.84769210437038,-0.971595938364521
846,51.46556731949658,-3.360605629090168
847,51.765661473569054,-0.4350523381104292
848,53.88343295717726,-2.6598521769358516
849,57.627596194627635,-2.411742086416295
850,56.87016310601753,-3.801596058542315
851,52.513062998448575,-2.5602825604044517
852,51.36382127784174,-2.659421015222194
853,55.81927016688067,-6.00594116965616
854,57.772200210647924,-4.79548023952259
855,52.91364441260006,-3.3529923672332362
856,52.935780576283335,-3.1307286468879267
857,58.02873433583721,-4.823329295225417
858,57.50065005122207,-1.9491694087964895
859,52.79035744275444,-4.037521411458532
860,57.3340704436136,-5.151308040374705
861,54.427262515071945,-1.8966287344312072
862,52.65930480903329,-2.840747241124088
863,55.333428058859546,-1.8830503526128943
864,52.10617250918205,-2.462361769328938
865,54.55155974577938,-2.557616677184088
866,57.21070612840203,-6.31772489415779
867,51.141016494845125,-4.167040174386201
868,57.774547245605476,-5.388662621579721
869,52.73378119440694,-2.184980987213512
870,52.954783440814,-2.5123752769616603
871,51.83903157381558,-1.4678817028692563
872,51.73400570026042,-3.1561979386258905
873,52.73664547426936,1.0986116930619172
874,57.850622241870845,-5.751428378122441
875,55.065575246664366,-1.71343986117619
876,52.268605443542235,-1.9786826488547709
877,50.55125282774695,-4.606162212449568
878,52.36390858289199,-3.0021065177735027
879,56.94138297856332,-3.072357287043105
880,55.56171349987817,-3.838114921491849
881,52.87671339267876,1.0799160601410929
882,55.514161880756006,-2.5488205166002507
883,53.7717703519616,-1.5530109384299005
884,52.02368735024956,0.630789335389327
885,57.61386150763497,-1.95366221951722
886,57.48203427176336,-3.3329414239107784
887,55.55260525264828,-4.547916243751792
888,53.99260167603493,-0.3057742653034978
889,51.56569871494024,0.3571062203491806
890,50.89984309068755,0.3301660208005863
891,55.014824820550956,-2.440027238357966
892,52.99799421634076,-0.556404912606606
893,57.10833800565192,-4.33353789303685
894,55.15209672773687,-3.142114405202472
895,53.227120696521105,-3.493939819236533
896,55.87089549987394,-2.888994579112257
897,57.4668603099167,-2.396717651912452
898,58.572458434119156,-3.3124057057967553
899,57.55298365159073,-6.647588629016676
900,53.25746298390606,0.2297579039368589
901,56.0740997905831,-5.508443489707066
902,53.021843473827076,-1.8690130550788489
903,54.622789685481635,-2.1020064236405975
904,57.33707282765769,-2.9749286831525126
905,50.87535064783437,-0.5388910548394836
906,54.00998362326908,-2.509304568888667
907,53.661934559982015,-2.1924280566014955
908,55.96326950078378,-5.263546972802867
909,53.9297971798884,-0.39056377923260754
910,52.51479671161039,-0.574584025308333
911,50.96964022769272,-1.4432468374218272
912,56.321559820455604,-5.233221163959424
913,51.20476392914421,-2.485341829856919
914,57.78401317647356,-3.963098605892017
915,50.41108956651814,-3.6403464375917256
916,52.211052941037025,-4.059716475415632
917,51.213162245518376,-1.8382939471468829
918,56.342493027690125,-5.79941204072955
919,50.902681541723794,-4.041887706341416
920,53.980676562809435,-1.2573793440224517
921,58.30264492289825,-4.104231000486357
922,56.07159230914813,-3.3020691151498696
923,51.84974464530948,-4.156429739532769
924,51.2534316817713,1.1742358879439312
925,51.72419208461186,-3.380511633342511
926,50.862712491426656,-1.2493691102834088
927,50.9877510784776,-3.3772664139469635
928,53.14149301118308,-0.1686365046044127
929,56.45369576631386,-4.646967127880509
930,50.89785527071589,-1.831535453007616
931,57.446008460933214,-3.0809464269286817
932,50.13438182766457,-5.3447511125319425
933,53.254426485936555,-1.2462424417737248
934,52.64461844305445,-0.3208926144659845
935,57.31283981662021,-3.5397173009601737
936,51.8704560632401,-3.4861272848826843
937,57.45514786942853,-4.962182216387639
938,56.78314537090629,-3.245669617639164
939,52.24082854594641,-1.3320435209604513
940,55.24959053796215,-2.1543751427303413
941,50.93488311526522,-1.1819082083592072
942,52.19476515557915,-1.6149762737774704
943,58.46324883120849,-4.572329689913576
944,51.70254200854497,-1.257598829926029
945,54.965249158758624,-2.2230192444954406
946,52.78161802161597,-2.4897293445656796
947,52.80736182769099,-2.9142309671830553
948,52.69664292382325,-2.587117635993925
949,56.54366284654317,-6.026338217515268
950,54.826978172118004,-1.8135888734114145
951,54.62382903538949,-3.2229854503991797
952,51.20654395806728,-3.7343798860590356
953,52.569705283465034,1.0456074903762325
954,51.56521869115917,-4.332589743482176
955,55.857456618610705,-3.04436827419667
956,52.28570688209252,-2.8193541935975652
957,54.54282657080529,-3.208561052796991
958,53.69605010976317,-1.134317689892793
959,56.3088136909416,-6.427027894465636
960,51.253547242563386,-0.3311259012312764
961,53.2282190891469,-1.7270993989937864
962,54.04784866364971,-2.52620513599984
963,52.21997831756333,0.4520391533022323
964,55.80392306267081,-3.1180910637142745
965,51.94677564161026,-2.3687916186890456
966,54.394276653492106,-2.1910876436372337
967,58.13834369968414,-4.49583559469963
968,54.786132693621724,-4.367137097355254
969,54.25991887341276,-0.8362071664040487
970,57.32711562579021,-3.2949080782253013
971,58.56777641794039,-4.994194293102799
972,55.22884888648625,-2.62327335073559
973,52.06084437529469,-0.5133259025492549
974,52.15939413727146,0.9697382610957561
975,52.08098966438973,-3.705494525762763
976,53.2005797254485,-1.222313883557181
977,57.31963691174119,-2.0713121536382904
978,50.938287632459875,0.592299621911657
979,51.749114635103176,-1.4881963390391073
980,54.34643290012075,-1.4069289107236234
981,51.052915868004185,-3.356504835999443
982,52.43425243994294,0.9308819829339132
983,51.145988105614876,-1.41680056629958
984,56.929993255647055,-3.9664666240254682
985,52.0619947192142,-3.3275481961147095
986,51.08817390355692,-3.337124281426477
987,50.659400106396404,-2.089494944534793
988,54.641871844190064,-3.4893047858978
989,55.81261175454944,-2.177191729817231
990,51.26745892148136,-1.3564395599962467
991,56.96670724425483,-2.7465249284102997
992,54.73873889843937,-1.6693978898396153
993,54.15962457423197,-1.8670962447419246
994,57.17935692706315,-5.656871776969659
995,52.3217533847795,-1.212656148033881
996,52.23913819449072,-0.713900984577645
997,57.01137284964757,-4.759642533888993
998,57.38785247725842,-6.029235233363803
999,52.682525821408085,1.0282180858183736
1000,54.097206812300215,-1.0813009105533684
