nan,6.042695604264736176e-02,1.208539586514234543e-01,1.812808681279420853e-01,2.417078707367181778e-01,3.021347802132368088e-01,3.625617828220129013e-01,4.229887854307889938e-01,4.834156949073076248e-01,5.438426975160837173e-01,6.042696069926023483e-01,6.646966096013784409e-01,7.251236122101545334e-01,7.874859962612390518e-01,8.522168267518281937e-01,9.187032002955675125e-01,9.867732878774404526e-01,1.055885618552565575e+00,1.125797769054770470e+00,1.196443522348999977e+00,1.267631584778428078e+00,1.339315855875611305e+00,1.411378709599375725e+00,1.483631273731589317e+00,1.555931521579623222e+00,1.628375938162207603e+00,1.700828550383448601e+00,1.773180672898888588e+00,1.845353143289685249e+00,1.917232247069478035e+00,1.989025389775633812e+00,2.028352161869406700e+00,2.063896274194121361e+00,2.101922268047928810e+00,2.142460690811276436e+00,2.185328258201479912e+00,2.230807999148964882e+00,2.279335027560591698e+00,2.332430751994252205e+00,2.389273094013333321e+00
4.999996162950992584e-02,1.104269642382860184e-01,1.708539668470621109e-01,2.312808763235807419e-01,2.917078789323568344e-01,3.521347884088754654e-01,4.125617910176515579e-01,4.729887936264276505e-01,5.334157031029462814e-01,5.938427057117223740e-01,6.542696151882410049e-01,7.146966177970170975e-01,7.751236204057931900e-01,8.386324625462293625e-01,9.039878379553556442e-01,9.711353573948144913e-01,1.039650803431868553e+00,1.109169190749526024e+00,1.179470447823405266e+00,1.250421861186623573e+00,1.321925455704331398e+00,1.393931126222014427e+00,1.466153794899582863e+00,1.538543635979294777e+00,1.611047843471169472e+00,1.683635218068957329e+00,1.756145758554339409e+00,1.828554505482316017e+00,1.900702668353915215e+00,1.972650038078427315e+00,2.020627120509743690e+00,2.055730903521180153e+00,2.093299245461821556e+00,2.133475476875901222e+00,2.176050050184130669e+00,2.221125969663262367e+00,2.269189944490790367e+00,2.321838168427348137e+00,2.378459786996245384e+00,2.438325574621558189e+00
9.999996982514858246e-02,1.604269724339246750e-01,2.208539750427007675e-01,2.812808845192193985e-01,3.417078871279954910e-01,4.021347966045141220e-01,4.625617992132902145e-01,5.229888018220663071e-01,5.834157112985849380e-01,6.438427139073610306e-01,7.042696233838796616e-01,7.646966259926557541e-01,8.258687797933816910e-01,8.899926673620939255e-01,9.559802245348691940e-01,1.023755548521876335e+00,1.092748390510678291e+00,1.162636885419487953e+00,1.233321195468306541e+00,1.304580317810177803e+00,1.376395067200064659e+00,1.448650518432259560e+00,1.521096145734190941e+00,1.593632576987147331e+00,1.666311686858534813e+00,1.738983346149325371e+00,1.811552839353680611e+00,1.884003030136227608e+00,1.956159761175513268e+00,2.012943243607878685e+00,2.047629700973629951e+00,2.084744395688176155e+00,2.124503208324313164e+00,2.166772400960326195e+00,2.211477374657988548e+00,2.259083325043320656e+00,2.311248099431395531e+00,2.367607736960053444e+00,2.427372941747307777e+00,2.493100566789507866e+00
1.499999780207872391e-01,2.104269806295633316e-01,2.708538901060819626e-01,3.312808927148580551e-01,3.917078953236341476e-01,4.521348048001527786e-01,5.125618074089288712e-01,5.729887168854475021e-01,6.334157194942235947e-01,6.938427221029996872e-01,7.542696315795183182e-01,8.146966341882944107e-01,8.768290746957063675e-01,9.415902663022279739e-01,1.008262252435088158e+00,1.076562469825148582e+00,1.145993126556277275e+00,1.216278644278645515e+00,1.287317322567105293e+00,1.358923828229308128e+00,1.431095274165272713e+00,1.503507932648062706e+00,1.576132560148835182e+00,1.648871460929512978e+00,1.721672108396887779e+00,1.794413616880774498e+00,1.867073634639382362e+00,1.939503801986575127e+00,2.005340298637747765e+00,2.039575530216097832e+00,2.076226798817515373e+00,2.115540252998471260e+00,2.157474728301167488e+00,2.201854856684803963e+00,2.249017031863331795e+00,2.300663804635405540e+00,2.356739295646548271e+00,2.416365826502442360e+00,2.481973962858319283e+00,2.548150299116969109e+00
1.999999862164258957e-01,2.604269888252019882e-01,3.208538983017206192e-01,3.812809009104967117e-01,4.417079035192728043e-01,5.021348129957914352e-01,5.625618156045675278e-01,6.229887250810861588e-01,6.834157276898622513e-01,7.438427302986383438e-01,8.042696397751569748e-01,8.646966423839330673e-01,9.279699530452489853e-01,9.934038389474153519e-01,1.060768915340304375e+00,1.129590393975377083e+00,1.199450576677918434e+00,1.270153978839516640e+00,1.341505767777562141e+00,1.413454348221421242e+00,1.485895784571766853e+00,1.558540621772408485e+00,1.631340710446238518e+00,1.704264292493462563e+00,1.777152204886078835e+00,1.849967194721102715e+00,1.922675268724560738e+00,1.995123689994215965e+00,2.031574165448546410e+00,2.067755768075585365e+00,2.106598252430558205e+00,2.148168953135609627e+00,2.192247239872813225e+00,2.238991344347596169e+00,2.290060138329863548e+00,2.345862565562129021e+00,2.405306464061141014e+00,2.470781048759818077e+00,2.536950493231415749e+00,2.603551605716347694e+00
2.499999944120645523e-01,3.104269970208406448e-01,3.708539064973592758e-01,4.312809091061353683e-01,4.917078185826539993e-01,5.521348211914300919e-01,6.125618238002061844e-01,6.729887332767248154e-01,7.334157358855009079e-01,7.938426453620195389e-01,8.542696479707956314e-01,9.152343962341547012e-01,9.793422650545835495e-01,1.045474270358681679e+00,1.113488571718335152e+00,1.182812778279185295e+00,1.253074081614613533e+00,1.324176648631691933e+00,1.395888486877083778e+00,1.468215370550751686e+00,1.540867937728762627e+00,1.613717945292592049e+00,1.686721527948975563e+00,1.759746996685862541e+00,1.832723664119839668e+00,1.905652089044451714e+00,1.978366216644644737e+00,2.023637061938643456e+00,2.059335121884942055e+00,2.097697509452700615e+00,2.138857962563633919e+00,2.182614011690020561e+00,2.228986425325274467e+00,2.279498940333724022e+00,2.334956219419836998e+00,2.394216181710362434e+00,2.459534583613276482e+00,2.525719022378325462e+00,2.592345559969544411e+00,2.659424254670739174e+00
3.000000026077032089e-01,3.604270052164793015e-01,4.208539146929979324e-01,4.812809173017740250e-01,5.417078267782926559e-01,6.021348293870687485e-01,6.625618319958448410e-01,7.229887414723634720e-01,7.834157440811395645e-01,8.438426535576581955e-01,9.042696561664342880e-01,9.661735501140356064e-01,1.030967431142926216e+00,1.097846170887351036e+00,1.166427182033658028e+00,1.236230740323662758e+00,1.306942896917462349e+00,1.378405233845114708e+00,1.450496492907404900e+00,1.523128943517804146e+00,1.595977088436484337e+00,1.669070823118090630e+00,1.742226211354136467e+00,1.815355522558093071e+00,1.888427278026938438e+00,1.961412047967314720e+00,2.015735162422060966e+00,2.050978643819689751e+00,2.088865870609879494e+00,2.129570161923766136e+00,2.172975195571780205e+00,2.218999760225415230e+00,2.268974808976054192e+00,2.324032830074429512e+00,2.383106993511319160e+00,2.448264276608824730e+00,2.514419006183743477e+00,2.581106824800372124e+00,2.648463984951376915e+00,2.720869658514857292e+00
3.500000108033418655e-01,4.104269202798604965e-01,4.708539228886365891e-01,5.312809254974126816e-01,5.917078349739313126e-01,6.521348375827074051e-01,7.125617470592260361e-01,7.729887496680021286e-01,8.334157522767782211e-01,8.938426617532968521e-01,9.542696643620729446e-01,1.017307257279753685e+00,1.082834182307124138e+00,1.150449318811297417e+00,1.219611754640936852e+00,1.289863372221589088e+00,1.361003657802939415e+00,1.432823622599244118e+00,1.505322242155671120e+00,1.578211830928921700e+00,1.651300350204110146e+00,1.724580349400639534e+00,1.797854201868176460e+00,1.871085772290825844e+00,1.944281859323382378e+00,2.007896406576037407e+00,2.042683912441134453e+00,2.080079121515154839e+00,2.120318217203021049e+00,2.163333026692271233e+00,2.209010766819119453e+00,2.258469024673104286e+00,2.313104411587119102e+00,2.371976757422089577e+00,2.437004121020436287e+00,2.503044111654162407e+00,2.569816494360566139e+00,2.637558663263916969e+00,2.710442943498492241e+00,2.782219508662819862e+00
4.000000189989805222e-01,4.604269284754991531e-01,5.208539310842752457e-01,5.812809336930513382e-01,6.417078431695699692e-01,7.021348457783460617e-01,7.625617552548646927e-01,8.229887578636407852e-01,8.834157604724168777e-01,9.438426699489355087e-01,1.004605600610375404e+00,1.068694284185767174e+00,1.134997373446822166e+00,1.203284366056323051e+00,1.272993115708231926e+00,1.343709463253617287e+00,1.415268564596772194e+00,1.487509394064545631e+00,1.560324011370539665e+00,1.633425662294030190e+00,1.706814160570502281e+00,1.780218398198485374e+00,1.853601401671767235e+00,1.926965499296784401e+00,2.000104123726487160e+00,2.034426061436533928e+00,2.071336517110466957e+00,2.111094305291771889e+00,2.153715817257761955e+00,2.199041424319148064e+00,2.247983915731310844e+00,2.302148146554827690e+00,2.360824262723326683e+00,2.425715280696749687e+00,2.491626748815178871e+00,2.558471215888857841e+00,2.626791456714272499e+00,2.699928591027855873e+00,2.771551674231886864e+00,2.841263031587004662e+00
4.500000271946191788e-01,5.104269366711378098e-01,5.708539392799139023e-01,6.312809418886899948e-01,6.917078513652086258e-01,7.521348539739847183e-01,8.125617634505033493e-01,8.729887660592794418e-01,9.334157686680555344e-01,9.938426781445741653e-01,1.055520912632346153e+00,1.120353071019053459e+00,1.187465852126479149e+00,1.256393035873770714e+00,1.326614478603005409e+00,1.397791085764765739e+00,1.469737617298960686e+00,1.542413095012307167e+00,1.615535141900181770e+00,1.688889088109135628e+00,1.762453978881239891e+00,1.836002571508288383e+00,1.909510744735598564e+00,1.982996379956603050e+00,2.026220737025141716e+00,2.062628464773297310e+00,2.101899636909365654e+00,2.144113229587674141e+00,2.189081488177180290e+00,2.237507188692688942e+00,2.291184803470969200e+00,2.349643455818295479e+00,2.414401015266776085e+00,2.480180421844124794e+00,2.547054411843419075e+00,2.616082364693284035e+00,2.689328463748097420e+00,2.760785212740302086e+00,2.830349234864115715e+00,2.898397902026772499e+00
5.000000353902578354e-01,5.604269448667764664e-01,6.208539474755525589e-01,6.812808569520711899e-01,7.417078595608472824e-01,8.021348621696233749e-01,8.625617716461420059e-01,9.229887742549180984e-01,9.834156837314367294e-01,1.043842686340212822e+00,1.106644002720713615e+00,1.172285201027989388e+00,1.240180199965834618e+00,1.309731649234890938e+00,1.380457496270537376e+00,1.452093338593840599e+00,1.524488208815455437e+00,1.597508275881409645e+00,1.670895935967564583e+00,1.744573423638939857e+00,1.818245695903897285e+00,1.891916291788220406e+00,1.965589961037039757e+00,2.018060302361845970e+00,2.053973777219653130e+00,2.092743804678320885e+00,2.134530944749712944e+00,2.179149119183421135e+00,2.227037912234663963e+00,2.280230307951569557e+00,2.338406024500727654e+00,2.403060393407940865e+00,2.468704199418425560e+00,2.535605477169156075e+00,2.605442283675074577e+00,2.678662771359086037e+00,2.749917330220341682e+00,2.819348545745015144e+00,2.887295139953494072e+00,2.954067615792155266e+00
5.500000435858964920e-01,6.104269530624151230e-01,6.708539556711912155e-01,7.312808651477098465e-01,7.917078677564859390e-01,8.521348703652620316e-01,9.125617798417806625e-01,9.729887824505567551e-01,1.033415691927075386e+00,1.093984628096222878e+00,1.158047514036297798e+00,1.224559778347611427e+00,1.293171895667910576e+00,1.363330846652388573e+00,1.434541819617152214e+00,1.506619853898882866e+00,1.579484203830361366e+00,1.652835449203848839e+00,1.726498873904347420e+00,1.800362905487418175e+00,1.874200766906142235e+00,1.948007987812161446e+00,2.009972045198082924e+00,2.045374503359198570e+00,2.083632024005055428e+00,2.124970080330967903e+00,2.169208927080035210e+00,2.216606261208653450e+00,2.269291365519165993e+00,2.327142423018813133e+00,2.391653275117278099e+00,2.457208326086401939e+00,2.524135122075676918e+00,2.594754984602332115e+00,2.667874982580542564e+00,2.738986024633049965e+00,2.808253234252333641e+00,2.876098407432436943e+00,2.942735562101006508e+00,3.008536575362086296e+00
5.999999586492776871e-01,6.604269612580537796e-01,7.208539638668298721e-01,7.812808733433485031e-01,8.417078759521245956e-01,9.021347854286432266e-01,9.625617880374193192e-01,1.022988790646195412e+00,1.083415700122714043e+00,1.144869113340973854e+00,1.209749700501561165e+00,1.277131820097565651e+00,1.346455374732613564e+00,1.417171629145741463e+00,1.488885981962084770e+00,1.561443647369742393e+00,1.634695241227746010e+00,1.708371890708804131e+00,1.782337808981537819e+00,1.856322726234793663e+00,1.930306339636445045e+00,2.001953916624188423e+00,2.036825427785515785e+00,2.074562059715390205e+00,2.115411078557372093e+00,2.159289596602320671e+00,2.206210186704993248e+00,2.258352516219019890e+00,2.315868856385350227e+00,2.380191953852772713e+00,2.445712639018893242e+00,2.512647537514567375e+00,2.583998488262295723e+00,2.656958950683474541e+00,2.727961959317326546e+00,2.797081368044018745e+00,2.864812826737761497e+00,2.931332169100642204e+00,2.997024776414036751e+00,3.062505414709448814e+00
6.499999668449163437e-01,7.104269694536924362e-01,7.708539720624685287e-01,8.312808815389871597e-01,8.917078841477632523e-01,9.521347936242818832e-01,1.012561796233057976e+00,1.072988798841834068e+00,1.133415708318352699e+00,1.195980748161673546e+00,1.261764345690608025e+00,1.329982699826359749e+00,1.400009403005242348e+00,1.471269177272915840e+00,1.543466234579682350e+00,1.616537058725953102e+00,1.690137898549437523e+00,1.764149731025099754e+00,1.838321005925536156e+00,1.912463037297129631e+00,1.986625185236334801e+00,2.028351137414574623e+00,2.065533166751265526e+00,2.105857571586966515e+00,2.149362163618206978e+00,2.195842890068888664e+00,2.247470477595925331e+00,2.304553287103772163e+00,2.368683414533734322e+00,2.434165915474295616e+00,2.501127729192376137e+00,2.573162270709872246e+00,2.645932743325829506e+00,2.716824179515242577e+00,2.785835741087794304e+00,2.853423124179244041e+00,2.919862000271677971e+00,2.985436795279383659e+00,3.050784720107913017e+00,3.116550436243414879e+00
6.999999750405550003e-01,7.604269776493310928e-01,8.208538871258497238e-01,8.812808897346258163e-01,9.417078923434019089e-01,1.002134801819920540e+00,1.062561804428696632e+00,1.122988713905215263e+00,1.183415716513991356e+00,1.247405307367444038e+00,1.314159436151385307e+00,1.383173884823918343e+00,1.453852420672774315e+00,1.525649195536971092e+00,1.598372729495167732e+00,1.671866839751601219e+00,1.745852315798401833e+00,1.820126036182045937e+00,1.894465880468487740e+00,1.968793990090489388e+00,2.019937569275498390e+00,2.056569186970591545e+00,2.096343459561467171e+00,2.139402227476239204e+00,2.185519831255078316e+00,2.236588811501860619e+00,2.293219557031989098e+00,2.357161184772849083e+00,2.422580355778336525e+00,2.489617699757218361e+00,2.562271477654576302e+00,2.634827373549342155e+00,2.705592894926667213e+00,2.774497913196682930e+00,2.841966086998581886e+00,2.908286871388554573e+00,2.973764995113015175e+00,3.039046050980687141e+00,3.104673931375145912e+00,3.170932689681649208e+00
7.499999832361936569e-01,8.104269858449697495e-01,8.708538953214883804e-01,9.312808979302644730e-01,9.917079005390405655e-01,1.052134810015559196e+00,1.112561812624335289e+00,1.172988722100853920e+00,1.234220014885067940e+00,1.299158250913023949e+00,1.366856181994080544e+00,1.436664117500185966e+00,1.507964590564370155e+00,1.580281415954232216e+00,1.653577620163559914e+00,1.727450033649802208e+00,1.801822753623127937e+00,1.876315334811806679e+00,1.950813224539160728e+00,2.011604653671383858e+00,2.047669747844338417e+00,2.086875541135668755e+00,2.129458123818039894e+00,2.175205526873469353e+00,2.225709846243262291e+00,2.281935187056660652e+00,2.345586149021983147e+00,2.410953911021351814e+00,2.478182921186089516e+00,2.551318751648068428e+00,2.623650571331381798e+00,2.694268571212887764e+00,2.763046463951468468e+00,2.830416662618517876e+00,2.896640310063958168e+00,2.962052403017878532e+00,3.027228126302361488e+00,3.092722734436392784e+00,3.158847382292151451e+00,3.225706936791539192e+00
7.999999914318323135e-01,8.604269940406084061e-01,9.208539035171270370e-01,9.812809061259031296e-01,1.041707815602421761e+00,1.102134818211197853e+00,1.162561820819973946e+00,1.222988730296492577e+00,1.285317307338118553e+00,1.351282419636845589e+00,1.419899752363562584e+00,1.490482175722718239e+00,1.562381675466895103e+00,1.635275455191731453e+00,1.709034433588385582e+00,1.783360680565237999e+00,1.857988303527235985e+00,1.932686520740389824e+00,2.003370365127921104e+00,2.038824325427412987e+00,2.077471511438488960e+00,2.119540469720959663e+00,2.164882095530629158e+00,2.214849507436156273e+00,2.270644856616854668e+00,2.333991928026080132e+00,2.399279968813061714e+00,2.466887747868895531e+00,2.540271682664752007e+00,2.612400380894541740e+00,2.682837611064314842e+00,2.751514734700322151e+00,2.818767493590712547e+00,2.884915424510836601e+00,2.950245654210448265e+00,3.015351062640547752e+00,3.080725623294711113e+00,3.146699117496609688e+00,3.213415900245308876e+00,3.280917881056666374e+00
8.499999996274709702e-01,9.104270022362470627e-01,9.708539117127656937e-01,1.031280914321541786e+00,1.091707823798060417e+00,1.152134826406836510e+00,1.212561829015612602e+00,1.272988738492131233e+00,1.336765522137284279e+00,1.403808174654841423e+00,1.473303092643618584e+00,1.544619025662541389e+00,1.617070892825722694e+00,1.690597413107752800e+00,1.764784241095185280e+00,1.839514775201678276e+00,1.914377463981509209e+00,1.989295473322272301e+00,2.030063653364777565e+00,2.068116376176476479e+00,2.109642839059233665e+00,2.154561271890997887e+00,2.204007422551512718e+00,2.259358717128634453e+00,2.322395192459225655e+00,2.387556759640574455e+00,2.455738792195916176e+00,2.529115369543433189e+00,2.601065253838896751e+00,2.671340433880686760e+00,2.739892387762665749e+00,2.807040745392441750e+00,2.873100666329264641e+00,2.938365144655108452e+00,3.003423428162932396e+00,3.068635473027825356e+00,3.134508850052952766e+00,3.201085561886429787e+00,3.268423629924654961e+00,3.336545312777161598e+00
9.000000078231096268e-01,9.604270104318857193e-01,1.020853919908404350e+00,1.081280922517180443e+00,1.141707831993699074e+00,1.202134834602475166e+00,1.262561837211251259e+00,1.323575107380747795e+00,1.388583285734057426e+00,1.456671534106135368e+00,1.527079055085778236e+00,1.599087519571185112e+00,1.672158809378743172e+00,1.746203890070319176e+00,1.820897078141570091e+00,1.895905984565615654e+00,1.971007650718092918e+00,2.021384472027420998e+00,2.058833977207541466e+00,2.099773427471518517e+00,2.144258981570601463e+00,2.193179959431290627e+00,2.248077420517802238e+00,2.310771634802222252e+00,2.375828986987471581e+00,2.444684272632002831e+00,2.517894143238663673e+00,2.589621720835566521e+00,2.659761765971779823e+00,2.728189481422305107e+00,2.795238839462399483e+00,2.861190168187022209e+00,2.926423354074358940e+00,2.991407876834273338e+00,3.056489164009690285e+00,3.122274810448288918e+00,3.188721230253577232e+00,3.255912056192755699e+00,3.323840303346514702e+00,3.392608603462576866e+00
9.500000160187482834e-01,1.010426925495266914e+00,1.070853928104043007e+00,1.131280930712819099e+00,1.191707840189337730e+00,1.252134842798113823e+00,1.312561752274632454e+00,1.374653773382306099e+00,1.440849015489220619e+00,1.509950729086995125e+00,1.581219816580414772e+00,1.653841463848948479e+00,1.727610873058438301e+00,1.802157284691929817e+00,1.877262303605675697e+00,1.952546229586005211e+00,2.012802893295884132e+00,2.049610624089837074e+00,2.089949930086731911e+00,2.133972430601716042e+00,2.182376245036721230e+00,2.236801898106932640e+00,2.299105329439043999e+00,2.364079700782895088e+00,2.433593897148966789e+00,2.506570657715201378e+00,2.578096510842442513e+00,2.648059139028191566e+00,2.716423431411385536e+00,2.783353300765156746e+00,2.849218761548399925e+00,2.914392435923218727e+00,2.979302639141678810e+00,3.044318454340100288e+00,3.109978279098868370e+00,3.176324581727385521e+00,3.243347676470875740e+00,3.311102977022528648e+00,3.379724780097603798e+00,3.449236555024981499e+00
1.000000024214386940e+00,1.060426933690905571e+00,1.120853936299681664e+00,1.181280938908457756e+00,1.241707848384976387e+00,1.302134850993752480e+00,1.362561760470271111e+00,1.426130207255482674e+00,1.493526669219136238e+00,1.563645945861935616e+00,1.635732268914580345e+00,1.709027914330363274e+00,1.783380145207047462e+00,1.858468120917677879e+00,1.933909999206662178e+00,2.004318358376622200e+00,2.040449669584631920e+00,2.080189576372504234e+00,2.123706089332699776e+00,2.171574858948588371e+00,2.225536061450839043e+00,2.287388173863291740e+00,2.352285059168934822e+00,2.422458259388804436e+00,2.495122747495770454e+00,2.566472580656409264e+00,2.636256674304604530e+00,2.704574121162295341e+00,2.771378913894295692e+00,2.837179927155375481e+00,2.902273135259747505e+00,2.967135561630129814e+00,3.032095031812787056e+00,3.097598487511277199e+00,3.163830330595374107e+00,3.230760013684630394e+00,3.298322064802050591e+00,3.366801096126437187e+00,3.436129959300160408e+00,3.506507584825158119e+00
1.050000032410025597e+00,1.110426941886544228e+00,1.170853944495320320e+00,1.231280853971838951e+00,1.291707856580615044e+00,1.352134859189391136e+00,1.412934483960270882e+00,1.478039240464568138e+00,1.546630030497908592e+00,1.617773110046982765e+00,1.690589776262640953e+00,1.764617906883358955e+00,1.839573075994849205e+00,1.915087504312396049e+00,1.990843052044510841e+00,2.031366107985377312e+00,2.070463774725794792e+00,2.113460982218384743e+00,2.160788932815194130e+00,2.214287267997860909e+00,2.275708923116326332e+00,2.340447390452027321e+00,2.411236660555005074e+00,2.483594184741377831e+00,2.554754773154854774e+00,2.624407270923256874e+00,2.692613052204251289e+00,2.759339427575469017e+00,2.825059508904814720e+00,2.890094695612788200e+00,2.954892767593264580e+00,3.019781457260251045e+00,3.085186192765831947e+00,3.151266416534781456e+00,3.218124667182564735e+00,3.285528393462300301e+00,3.353834571316838264e+00,3.423033794388175011e+00,3.493172815069556236e+00,3.564266720786690712e+00
1.100000040605664253e+00,1.160426950082182884e+00,1.220853952690958977e+00,1.281280862167477608e+00,1.341707864776253700e+00,1.402134867385029793e+00,1.463990239426493645e+00,1.530471770092844963e+00,1.600199146196246147e+00,1.672321138903498650e+00,1.745896181091666222e+00,1.820588903501629829e+00,1.896114787086844444e+00,1.972028752788901329e+00,2.022366272285580635e+00,2.060813969001173973e+00,2.103211777284741402e+00,2.150021074339747429e+00,2.203068276867270470e+00,2.264049416407942772e+00,2.328554587438702583e+00,2.399913826957345009e+00,2.471999684348702431e+00,2.542943833395838737e+00,2.612453280016779900e+00,2.680569933727383614e+00,2.747214445844292641e+00,2.812868682667613029e+00,2.877847896888852119e+00,2.942575281485915184e+00,3.007425693795084953e+00,3.072699764743447304e+00,3.138639358803629875e+00,3.205405129119753838e+00,3.272729134187102318e+00,3.340865811333060265e+00,3.409919189289212227e+00,3.479821933433413506e+00,3.550646873190999031e+00,3.623166726902127266e+00
1.149999955669045448e+00,1.210426958277821541e+00,1.270853960886597633e+00,1.331280870363116264e+00,1.391707872971892357e+00,1.452134782448410988e+00,1.515502901747822762e+00,1.583360182121396065e+00,1.654285984113812447e+00,1.727293757721781731e+00,1.801626989617943764e+00,1.877025561407208443e+00,1.953021576628088951e+00,2.013465436175465584e+00,2.051224047318100929e+00,2.092993399128317833e+00,2.139255451038479805e+00,2.191883837804198265e+00,2.252420457080006599e+00,2.316763019189238548e+00,2.388477278873324394e+00,2.460315870121121407e+00,2.531045721843838692e+00,2.600407367572188377e+00,2.668442437425255775e+00,2.734981337562203407e+00,2.800604561343789101e+00,2.865536464378237724e+00,2.930205641314387321e+00,2.994985459372401237e+00,3.060123929753899574e+00,3.126004571095108986e+00,3.192615928128361702e+00,3.259843168780207634e+00,3.327870694920420647e+00,3.396744234487414360e+00,3.466458851471543312e+00,3.537058504298329353e+00,3.609176585450768471e+00,3.683077869936823845e+00
1.199999963864684105e+00,1.260426966473460197e+00,1.320853969082236290e+00,1.381280878558754921e+00,1.441707881167531013e+00,1.502302801236510277e+00,1.567545859143137932e+00,1.636770600453019142e+00,1.708860369399189949e+00,1.782755507156252861e+00,1.857846463099122047e+00,1.933861291036009789e+00,2.004703273996710777e+00,2.041677618399262428e+00,2.082836953923106194e+00,2.128489734604954720e+00,2.180726313963532448e+00,2.240845980122685432e+00,2.305171219632029533e+00,2.376963151618838310e+00,2.448537340387701988e+00,2.519089123234152794e+00,2.588287973776459694e+00,2.656185580417513847e+00,2.722692536190152168e+00,2.788263699039816856e+00,2.853150619193911552e+00,2.917772950604557991e+00,2.982477424666285515e+00,3.047506744042038918e+00,3.113303193822503090e+00,3.179795714095234871e+00,3.246907750144600868e+00,3.314823890104889870e+00,3.383553260937333107e+00,3.453076304867863655e+00,3.523476095870137215e+00,3.595203021541237831e+00,3.668718552216887474e+00,3.743793023750185966e+00
1.249999972060322762e+00,1.310426974669098854e+00,1.370853884145617485e+00,1.431280886754393578e+00,1.491707889363169670e+00,1.553325960412621498e+00,1.620181696489453316e+00,1.690764399245381355e+00,1.763943908736109734e+00,1.838679751381278038e+00,1.914555067196488380e+00,1.991125149652361870e+00,2.032193867489695549e+00,2.072686748579144478e+00,2.117760805413126945e+00,2.169559570029377937e+00,2.229304751381278038e+00,2.293821098282933235e+00,2.365352166816592216e+00,2.436675177887082100e+00,2.507006144151091576e+00,2.576061198487877846e+00,2.643834566697478294e+00,2.710299892351031303e+00,2.775828214362263680e+00,2.840685611590743065e+00,2.905290806666016579e+00,2.969918353483080864e+00,3.034835169091820717e+00,3.100516879931092262e+00,3.166909283027052879e+00,3.233903041109442711e+00,3.301676502451300621e+00,3.370330622419714928e+00,3.439650917425751686e+00,3.509868821129202843e+00,3.581230202689766884e+00,3.654316859319806099e+00,3.729178244248032570e+00,3.805351397022604942e+00
1.299999980255961418e+00,1.360426982864737511e+00,1.420853892341256142e+00,1.481280894950032234e+00,1.541707897558808327e+00,1.604892173781991005e+00,1.673383032903075218e+00,1.745352381840348244e+00,1.819596858695149422e+00,1.895171916112303734e+00,1.971747586503624916e+00,2.022804832085967064e+00,2.062575472518801689e+00,2.107036998495459557e+00,2.158385934308171272e+00,2.217791648581624031e+00,2.282584784552454948e+00,2.353674871847033501e+00,2.424738975241780281e+00,2.494801348075270653e+00,2.563734678551554680e+00,2.631406439468264580e+00,2.697828738018870354e+00,2.763328747823834419e+00,2.828136039897799492e+00,2.892725495621562004e+00,2.957286918535828590e+00,3.022122057154774666e+00,3.087668539956212044e+00,3.153934562578797340e+00,3.220866387709975243e+00,3.288481710478663445e+00,3.357009449973702431e+00,3.426236892119050026e+00,3.496218239888548851e+00,3.567238664254546165e+00,3.639949811622500420e+00,3.714468283578753471e+00,3.790388582274317741e+00,3.867439879104495049e+00
1.349999988451600075e+00,1.410426991060376167e+00,1.470853900536894798e+00,1.531280903145670891e+00,1.591707905754446983e+00,1.657126052305102348e+00,1.727234618738293648e+00,1.800544792786240578e+00,1.875793049111962318e+00,1.952209742739796638e+00,2.013552514836192131e+00,2.052525756880640984e+00,2.096301270648837090e+00,2.147219562903046608e+00,2.206310117617249489e+00,2.271359926089644432e+00,2.341955481097102165e+00,2.412707777693867683e+00,2.482494851574301720e+00,2.551285969093441963e+00,2.618889743462204933e+00,2.685282984748482704e+00,2.750738011673092842e+00,2.815520809963345528e+00,2.880064910277724266e+00,2.944591129198670387e+00,3.009380539879202843e+00,3.074737312272191048e+00,3.140878351405262947e+00,3.207760257646441460e+00,3.275286266580224037e+00,3.343623457476496696e+00,3.412803029641509056e+00,3.482546890154480934e+00,3.553285030648112297e+00,3.625582857057452202e+00,3.699743142351508141e+00,3.775328723713755608e+00,3.852109378203749657e+00,3.930250415578484535e+00
1.399999996647238731e+00,1.460426999256014824e+00,1.520853908732533455e+00,1.581280911341309547e+00,1.642661402001976967e+00,1.710046501830220222e+00,1.781804254278540611e+00,1.856419676914811134e+00,1.932602142915129662e+00,2.004494750872254372e+00,2.042521303519606590e+00,2.085621608421206474e+00,2.136016963049769402e+00,2.194883069023489952e+00,2.260120166465640068e+00,2.330196788534522057e+00,2.400595461949706078e+00,2.470108726993203163e+00,2.538731275126338005e+00,2.606238750740885735e+00,2.672652574256062508e+00,2.738055540248751640e+00,2.802841784432530403e+00,2.867344627156853676e+00,2.931817015632987022e+00,2.996569639071822166e+00,3.061775630339980125e+00,3.127775108441710472e+00,3.194573009386658669e+00,3.262037364766001701e+00,3.330212039873003960e+00,3.399254707619547844e+00,3.468871070072054863e+00,3.539352538064122200e+00,3.611231641843914986e+00,3.685049572959542274e+00,3.760237945243716240e+00,3.836780181154608727e+00,3.914437303319573402e+00,3.993984172120690346e+00
1.450000004842877388e+00,1.510427007451653481e+00,1.570853916928172112e+00,1.631280919536948204e+00,1.694307150319218636e+00,1.763709401711821556e+00,1.837118482217192650e+00,1.912982994690537453e+00,1.990065677091479301e+00,2.032579435035586357e+00,2.074995497241616249e+00,2.124781208112835884e+00,2.183484984561800957e+00,2.248885529115796089e+00,2.318391250446438789e+00,2.388410875573754311e+00,2.457650983706116676e+00,2.526073297485709190e+00,2.593451784923672676e+00,2.659915341064333916e+00,2.725320728495717049e+00,2.790089743211865425e+00,2.854566043242812157e+00,2.918962435796856880e+00,2.983670542016625404e+00,3.048780979588627815e+00,3.114634891971945763e+00,3.181335562840104103e+00,3.248696262016892433e+00,3.316760202869772911e+00,3.385634673759341240e+00,3.455135179683566093e+00,3.525444911792874336e+00,3.596903057768940926e+00,3.670317912474274635e+00,3.745158342644572258e+00,3.821358224377036095e+00,3.898640396073460579e+00,3.977690497413277626e+00,4.058436723425984383e+00
1.500000013038516045e+00,1.560426922515034676e+00,1.620853925123810768e+00,1.681280927732586861e+00,1.746813626959919930e+00,1.818235171958804131e+00,1.893257861956954002e+00,1.970216305926442146e+00,2.022738056257367134e+00,2.064396208152174950e+00,2.113520959392189980e+00,2.172072930261492729e+00,2.237670077010989189e+00,2.306525921449065208e+00,2.376188756898045540e+00,2.445130748674273491e+00,2.513352921232581139e+00,2.580585097894072533e+00,2.647018758580088615e+00,2.712489897385239601e+00,2.777261706069111824e+00,2.841720217838883400e+00,2.906062034890055656e+00,2.970690047368407249e+00,3.035740787163376808e+00,3.101448016241192818e+00,3.168016718700528145e+00,3.235265286639332771e+00,3.303247829899191856e+00,3.371961647644639015e+00,3.441292652860283852e+00,3.511501988396048546e+00,3.582612285390496254e+00,3.655564552173018456e+00,3.730078740045428276e+00,3.805896034464240074e+00,3.882835386320948601e+00,3.961439104750752449e+00,4.041786072775721550e+00,4.123554332181811333e+00
1.550000021234154701e+00,1.610426930710673332e+00,1.670853933319449425e+00,1.731996284797787666e+00,1.800205698236823082e+00,1.873674103990197182e+00,1.950258435681462288e+00,2.013053698465228081e+00,2.053821599110960960e+00,2.102240035310387611e+00,2.160645322874188423e+00,2.226426498964428902e+00,2.294638240709900856e+00,2.363885799422860146e+00,2.432591514661908150e+00,2.500544628128409386e+00,2.567621925845742226e+00,2.633987786248326302e+00,2.699576923623681068e+00,2.764338022097945213e+00,2.828801749274134636e+00,2.893096813932061195e+00,2.957661403343081474e+00,3.022622736170887947e+00,3.088208334520459175e+00,3.154644882306456566e+00,3.221776289865374565e+00,3.289657318964600563e+00,3.358237957581877708e+00,3.427442861720919609e+00,3.497453173622488976e+00,3.568301117047667503e+00,3.640834195539355278e+00,3.714970545843243599e+00,3.790422203019261360e+00,3.866980364546179771e+00,3.945172717794775963e+00,4.025116423144936562e+00,4.106496134772896767e+00,4.189303563907742500e+00
1.600000029429793358e+00,1.660426938906311989e+00,1.720853941515088081e+00,1.783787505701184273e+00,1.854645973071455956e+00,1.930170273408293724e+00,2.003700332716107368e+00,2.043272787705063820e+00,2.090955292806029320e+00,2.149403886869549751e+00,2.215141477063298225e+00,2.282731654122471809e+00,2.351519232615828514e+00,2.419992117211222649e+00,2.487644134089350700e+00,2.554566645994782448e+00,2.620881097391247749e+00,2.686493238434195518e+00,2.751329960301518440e+00,2.815824514254927635e+00,2.880072733387351036e+00,2.944572223350405693e+00,3.009452903643250465e+00,3.074899921193718910e+00,3.141213906928896904e+00,3.208234673365950584e+00,3.276024153456091881e+00,3.344475617632269859e+00,3.413563920184969902e+00,3.483331808820366859e+00,3.554014908149838448e+00,3.626161674037575722e+00,3.699857788160443306e+00,3.774918289855122566e+00,3.851125063374638557e+00,3.928899904713034630e+00,4.008452454581856728e+00,4.089383361861109734e+00,4.171666549518704414e+00,4.255584115162491798e+00
1.650000037625432014e+00,1.710426947101950645e+00,1.770853949710726738e+00,1.836746232584118843e+00,1.910263998433947563e+00,1.987756555899977684e+00,2.032750798389315605e+00,2.079697092995047569e+00,2.138479100540280342e+00,2.203812776133418083e+00,2.270807372406125069e+00,2.339102188125252724e+00,2.407297724857926369e+00,2.474673977121710777e+00,2.541422797366976738e+00,2.607676340267062187e+00,2.673318749293684959e+00,2.738206693902611732e+00,2.802745020017027855e+00,2.866981504485011101e+00,2.931415056809782982e+00,2.996241534128785133e+00,3.061530133709311485e+00,3.127740556374192238e+00,3.194636804983019829e+00,3.262295713648200035e+00,3.330679377540946007e+00,3.399610286578536034e+00,3.469199081882834435e+00,3.539654659107327461e+00,3.611511504277586937e+00,3.684782749041914940e+00,3.759408043697476387e+00,3.835296491160988808e+00,3.912564320489764214e+00,3.991763619706034660e+00,4.072266584262251854e+00,4.154091281816363335e+00,4.237603349611163139e+00,4.322177590802311897e+00
1.700000045821070671e+00,1.760426955297589302e+00,1.821330888196825981e+00,1.891036098822951317e+00,1.967247249558568001e+00,2.022322593256831169e+00,2.068422874435782433e+00,2.127553941681981087e+00,2.192471036687493324e+00,2.258840901777148247e+00,2.326625445857644081e+00,2.394529758021235466e+00,2.461640583351254463e+00,2.528224093839526176e+00,2.594392886385321617e+00,2.660031011328101158e+00,2.724950807169079781e+00,2.789575280621647835e+00,2.853819029405713081e+00,2.918212441727519035e+00,2.982946624979376793e+00,3.048118902370333672e+00,3.114219708368182182e+00,3.180997120216488838e+00,3.248533466830849648e+00,3.316767094656825066e+00,3.385592391714453697e+00,3.455006564036011696e+00,3.525301488116383553e+00,3.596825944259762764e+00,3.669711621478199959e+00,3.743907855823636055e+00,3.819441562518477440e+00,3.896236931905150414e+00,3.975035203620791435e+00,4.055196372792124748e+00,4.136562021449208260e+00,4.219592036679387093e+00,4.303687019273638725e+00,4.389248276129364967e+00
1.749999960884451866e+00,1.810426963493227959e+00,1.873420504853129387e+00,1.946924487128853798e+00,2.012018999084830284e+00,2.057156199589371681e+00,2.116610063239932060e+00,2.181087387725710869e+00,2.246851241216063499e+00,2.314106980338692665e+00,2.381715318188071251e+00,2.448562858626246452e+00,2.514958241954445839e+00,2.581029059365391731e+00,2.646635891869664192e+00,2.711589122191071510e+00,2.776263142004609108e+00,2.840571524575352669e+00,2.904958790168166161e+00,2.969584288075566292e+00,3.034695750102400780e+00,3.100630780681967735e+00,3.167279763147234917e+00,3.234693082049489021e+00,3.302789805456995964e+00,3.371525788679718971e+00,3.440744662657380104e+00,3.510903986170887947e+00,3.582081338390707970e+00,3.654617676511406898e+00,3.728439239785075188e+00,3.803557110950350761e+00,3.879951918497681618e+00,3.958263853564858437e+00,4.038108652457594872e+00,4.119041794911026955e+00,4.201507801190018654e+00,4.285220475867390633e+00,4.370243428274989128e+00,4.456609999760985374e+00
1.799999969080090523e+00,1.860426971688866615e+00,1.927393814548850060e+00,2.002153499051928520e+00,2.045843238011002541e+00,2.105632005259394646e+00,2.169676637277007103e+00,2.234831964597105980e+00,2.301497524604201317e+00,2.368809515610337257e+00,2.435460919514298439e+00,2.501619281247258186e+00,2.567593241110444069e+00,2.633155276998877525e+00,2.698152838274836540e+00,2.762833191081881523e+00,2.827212167903780937e+00,2.891611913219094276e+00,2.956191403791308403e+00,3.021197719499468803e+00,3.087018104270100594e+00,3.153503732755780220e+00,3.220784431323409081e+00,3.288746671751141548e+00,3.357328521087765694e+00,3.426471864804625511e+00,3.496424248442053795e+00,3.567326301708817482e+00,3.639473253861069679e+00,3.712974162772297859e+00,3.787654591724276543e+00,3.863692516461014748e+00,3.941506939008831978e+00,4.020962538197636604e+00,4.101533954963088036e+00,4.183435486629605293e+00,4.266762966290116310e+00,4.351288964971899986e+00,4.437114531174302101e+00,4.524142341688275337e+00
1.849999977275729179e+00,1.910665398463606834e+00,1.983831217512488365e+00,2.034424385055899620e+00,2.094584098085761070e+00,2.158219786360859871e+00,2.222773758694529533e+00,2.288855193182826042e+00,2.355832653120160103e+00,2.422292949631810188e+00,2.488203765824437141e+00,2.554049761965870857e+00,2.619611332193017006e+00,2.684601536020636559e+00,2.749300235882401466e+00,2.813750738278031349e+00,2.878163987770676613e+00,2.942733326926827431e+00,3.007665788754820824e+00,3.073352435603737831e+00,3.139665024355053902e+00,3.206812264397740364e+00,3.274673549458384514e+00,3.343115514144301414e+00,3.412154922261834145e+00,3.481897478923201561e+00,3.552571451291441917e+00,3.624329669401049614e+00,3.697507502511143684e+00,3.771740803495049477e+00,3.847436280921101570e+00,3.924776380881667137e+00,4.003795282915234566e+00,4.083976568654179573e+00,4.165364289656281471e+00,4.248318960890173912e+00,4.332379112020134926e+00,4.417706886306405067e+00,4.504160629585385323e+00,4.591518687084317207e+00
1.899999985471367836e+00,1.963717816397547722e+00,2.022965392097830772e+00,2.083486923947930336e+00,2.146751573309302330e+00,2.210736973211169243e+00,2.276174305006861687e+00,2.342766290530562401e+00,2.409009682014584541e+00,2.474730042740702629e+00,2.540440717712044716e+00,2.605973044410347939e+00,2.670996962115168571e+00,2.735685789957642555e+00,2.800180250778794289e+00,2.864587912335991859e+00,2.929184352979063988e+00,2.994095860049128532e+00,3.059609094634652138e+00,3.125830134376883507e+00,3.192781889811158180e+00,3.260494163259863853e+00,3.328859200701117516e+00,3.397736186161637306e+00,3.467355528846383095e+00,3.537752712145447731e+00,3.609216073527932167e+00,3.681977791711688042e+00,3.755867248401045799e+00,3.831186750903725624e+00,3.908041259273886681e+00,3.986605769023299217e+00,4.066383419558405876e+00,4.147368529811501503e+00,4.229871230199933052e+00,4.313461063429713249e+00,4.398268694058060646e+00,4.484242247417569160e+00,4.570951452478766441e+00,4.658510675653815269e+00
1.949999993667006493e+00,2.011480880901217461e+00,2.072319062426686287e+00,2.135164244100451469e+00,2.198687242344021797e+00,2.263500774279236794e+00,2.329628868028521538e+00,2.395644644275307655e+00,2.461190940812230110e+00,2.526777004823088646e+00,2.592243673279881477e+00,2.657315088436007500e+00,2.721966290846467018e+00,2.786535164341330528e+00,2.850939938798546791e+00,2.915520826354622841e+00,2.980440342798829079e+00,3.045840049162507057e+00,3.111969167366623878e+00,3.178749466314911842e+00,3.246253868564963341e+00,3.314502304419875145e+00,3.383267065510153770e+00,3.452722029760479927e+00,3.522960981354117393e+00,3.594091860577464104e+00,3.666412318125367165e+00,3.739974228665232658e+00,3.814944205805659294e+00,3.891339385882019997e+00,3.969437396153807640e+00,4.048784589394927025e+00,4.129369417205452919e+00,4.211404686793684959e+00,4.294551210477948189e+00,4.378837021067738533e+00,4.464364284649491310e+00,4.550450248643755913e+00,4.637392470613121986e+00,4.725214606150984764e+00
