0,8.792487438768148422e-01,1.978655951097607613e+00,2.603584202006459236e+00,3.340549254789948463e+00,4.199499962851405144e+00,5.254368251189589500e+00,6.543408473953604698e+00,8.067505946382880211e+00,9.742705943062901497e+00,1.151669244281947613e+01,1.325568589381873608e+01,1.483743744902312756e+01,1.622354495339095592e+01,1.748814419843256474e+01,1.866050534881651402e+01,1.975210835225880146e+01,2.078109062276780605e+01,2.175428695045411587e+01,2.267930726520717144e+01,2.357134153135120869e+01,2.445544260554015636e+01,2.533235275186598301e+01,2.620028532110154629e+01,2.704806751571595669e+01,2.789543415419757366e+01,2.874454674310982227e+01,2.958924244157969952e+01,3.043081560172140598e+01,3.126705954782664776e+01,3.210838981904089451e+01,3.294030171819031239e+01,3.377037248574197292e+01,3.460177169181406498e+01,3.543422189541161060e+01,3.626698446460068226e+01,3.709069988690316677e+01,3.791167358867824078e+01,3.874882371164858341e+01,3.959825965575873852e+01
2.499999944120645523e-01,1.146606309339404106e+00,2.131764544174075127e+00,2.822201186791062355e+00,3.613899787887930870e+00,4.569672932848334312e+00,5.751417716965079308e+00,7.163875969126820564e+00,8.769749151542782784e+00,1.049373387359082699e+01,1.225250880233943462e+01,1.388648976571857929e+01,1.534098689444363117e+01,1.663877121172845364e+01,1.785101178102195263e+01,1.897242735140025616e+01,2.002658736892044544e+01,2.103827414102852345e+01,2.199444849975407124e+01,2.290660976432263851e+01,2.379899839870631695e+01,2.468103026039898396e+01,2.555648540146648884e+01,2.642495068721473217e+01,2.727291951887309551e+01,2.812307407148182392e+01,2.897449960000813007e+01,2.982311691157519817e+01,3.066453640349209309e+01,3.150367527268826962e+01,3.234545025043189526e+01,3.317656586878001690e+01,3.400736111216247082e+01,3.483970542438328266e+01,3.567742737941443920e+01,3.650901713408529758e+01,3.733067414723336697e+01,3.815571800805628300e+01,3.899817517958581448e+01,3.985119950957596302e+01
5.000000353902578354e-01,1.419625198468565941e+00,2.302320534363389015e+00,3.059440618380904198e+00,3.925615036860108376e+00,4.989252472296357155e+00,6.294824229553341866e+00,7.811325090005993843e+00,9.476596163585782051e+00,1.121218740008771420e+01,1.289459844119846821e+01,1.441561807878315449e+01,1.577432644553482533e+01,1.701489421539008617e+01,1.816908060573041439e+01,1.925336415879428387e+01,2.028967733494937420e+01,2.128756563179194927e+01,2.222730922512710094e+01,2.313180337660014629e+01,2.402408043853938580e+01,2.490365640260279179e+01,2.578328349627554417e+01,2.664935491047799587e+01,2.749997586943209171e+01,2.835297076962888241e+01,2.920761690475046635e+01,3.005808885209262371e+01,3.089758674614131451e+01,3.174159931950271130e+01,3.258251394145190716e+01,3.341352785937488079e+01,3.424428445287048817e+01,3.507757405750453472e+01,3.591909366659820080e+01,3.675003708340227604e+01,3.757002935744822025e+01,3.840166586451232433e+01,3.924934067763388157e+01,4.010324277915060520e+01
7.499999832361936569e-01,1.714167045429348946e+00,2.507826546207070351e+00,3.326060483232140541e+00,4.279938386753201485e+00,5.458995932713150978e+00,6.867493642494082451e+00,8.470948366448283195e+00,1.016224934719502926e+01,1.186579852364957333e+01,1.344361337833106518e+01,1.486988910473883152e+01,1.615437413565814495e+01,1.734608164988458157e+01,1.845726608298718929e+01,1.951910448260605335e+01,2.054591025225818157e+01,2.152663148008286953e+01,2.245447845198214054e+01,2.335595157928764820e+01,2.424847898073494434e+01,2.512873574160039425e+01,2.601121435873210430e+01,2.687513562850654125e+01,2.772814198397099972e+01,2.858380186371505260e+01,2.944266577251255512e+01,3.029277524910867214e+01,3.113031121902167797e+01,3.197871702723205090e+01,3.281938997097313404e+01,3.364956197328865528e+01,3.448313730768859386e+01,3.531951117329299450e+01,3.616050607524812222e+01,3.699079588986933231e+01,3.781100851483643055e+01,3.864766922779381275e+01,3.950226423330605030e+01,4.035563576035201550e+01
1.000000024214386940e+00,2.011085906997323036e+00,2.741607511416077614e+00,3.620819887146353722e+00,4.675035411491990089e+00,5.955638503655791283e+00,7.472406467422842979e+00,9.115295996889472008e+00,1.079676742665469646e+01,1.243799640797078609e+01,1.391512011177837849e+01,1.526989056728780270e+01,1.649642852135002613e+01,1.764747337438166142e+01,1.872780197300016880e+01,1.977512068115174770e+01,2.079148855991661549e+01,2.175804213620722294e+01,2.267969115637242794e+01,2.358012520708143711e+01,2.447268073447048664e+01,2.535472647286951542e+01,2.623730371706187725e+01,2.710043839178979397e+01,2.795760049484670162e+01,2.881797659210860729e+01,2.967805196531116962e+01,3.052466767840087414e+01,3.136653532274067402e+01,3.221582896076142788e+01,3.305506589822471142e+01,3.388578933663666248e+01,3.472056095488369465e+01,3.556227716617286205e+01,3.640322140417993069e+01,3.722989927046000957e+01,3.805447495542466640e+01,3.889641496352851391e+01,3.975547528825700283e+01,4.060943075455725193e+01
1.249999972060322762e+00,2.171623287722468376e+00,3.005557460710406303e+00,3.950297506526112556e+00,5.088506219908595085e+00,6.485216738656163216e+00,8.081430057063698769e+00,9.723870875313878059e+00,1.136979735456407070e+01,1.292283278889954090e+01,1.433401559479534626e+01,1.562244049273431301e+01,1.680896128527820110e+01,1.792546915821731091e+01,1.898846928961575031e+01,2.002498186193406582e+01,2.103198315016925335e+01,2.198511888273060322e+01,2.290254128165543079e+01,2.380583477206528187e+01,2.469748309813439846e+01,2.558265361003577709e+01,2.646421208046376705e+01,2.732710777781903744e+01,2.818959499709308147e+01,2.905338010750710964e+01,2.991287498734891415e+01,3.075704001821577549e+01,3.160481522791087627e+01,3.245176109485328197e+01,3.329122629947960377e+01,3.412171709351241589e+01,3.495758878998458385e+01,3.580523221753537655e+01,3.664372288621962070e+01,3.746885121800005436e+01,3.829851062037050724e+01,3.914803410880267620e+01,4.000775120221078396e+01,4.086157190613448620e+01
1.500000013038516045e+00,2.380729047581553459e+00,3.293139068409800529e+00,4.298320924863219261e+00,5.538174463436007500e+00,7.039996189996600151e+00,8.656117459759116173e+00,1.027741921134293079e+01,1.187890558503568172e+01,1.335908151231706142e+01,1.470777341164648533e+01,1.594746527262032032e+01,1.709774383343756199e+01,1.818698006682097912e+01,1.924273525364696980e+01,2.027059872634708881e+01,2.126403017900884151e+01,2.221080628223717213e+01,2.312853890471160412e+01,2.403214997611939907e+01,2.492188694886863232e+01,2.581085027195513248e+01,2.669053417630493641e+01,2.755707758478820324e+01,2.842197553254663944e+01,2.928844899870455265e+01,3.014641557820141315e+01,3.099095146171748638e+01,3.184190909378230572e+01,3.268943945877254009e+01,3.352597118355333805e+01,3.435854283161461353e+01,3.519700900651514530e+01,3.604631968773901463e+01,3.688450264744460583e+01,3.770938082598149776e+01,3.854329702444374561e+01,3.940075454302132130e+01,4.025993500836193562e+01,4.111446202732622623e+01
1.749999960884451866e+00,2.655112510547041893e+00,3.580461395904421806e+00,4.669338418170809746e+00,6.019650446251034737e+00,7.583602936938405037e+00,9.187748236581683159e+00,1.078393454663455486e+01,1.233344464562833309e+01,1.374574196524918079e+01,1.504653538577258587e+01,1.624809126369655132e+01,1.736866426654160023e+01,1.843899921514093876e+01,1.948945405893027782e+01,2.051085033454000950e+01,2.149363639764487743e+01,2.244041715748608112e+01,2.335495143197476864e+01,2.425851509906351566e+01,2.514656479470431805e+01,2.603943622671067715e+01,2.691902103833854198e+01,2.778909918852150440e+01,2.865700754337012768e+01,2.952339039184153080e+01,3.037839611060917377e+01,3.122716709040105343e+01,3.207798800431191921e+01,3.292715833522379398e+01,3.376111681573092937e+01,3.459676192142069340e+01,3.543891119770705700e+01,3.628952973522245884e+01,3.712489581666886806e+01,3.795183836482465267e+01,3.879075017757713795e+01,3.965316279791295528e+01,4.051192239858210087e+01,4.136626026593148708e+01
2.000000001862645149e+00,2.924682898446917534e+00,3.882755292579531670e+00,5.064646573737263680e+00,6.507373740896582603e+00,8.093914343044161797e+00,9.677136456593871117e+00,1.124459751881659031e+01,1.273898524232208729e+01,1.409758967347443104e+01,1.536082173697650433e+01,1.652698810212314129e+01,1.762562482617795467e+01,1.868773926980793476e+01,1.973201776854693890e+01,2.074414775706827641e+01,2.172160199843347073e+01,2.266683890484273434e+01,2.358132363297045231e+01,2.448296216316521168e+01,2.537517431192100048e+01,2.626828639768064022e+01,2.714968561194837093e+01,2.802193402312695980e+01,2.889300449751317501e+01,2.975826966576278210e+01,3.061210918240249157e+01,3.146368800662457943e+01,3.231462058611214161e+01,3.316339706070721149e+01,3.399650999344885349e+01,3.483382868580520153e+01,3.568084030412137508e+01,3.653207025490701199e+01,3.736473456956446171e+01,3.819477497600018978e+01,3.904181667603552341e+01,3.990589245222508907e+01,4.076293413527309895e+01,4.161598510108888149e+01
2.250000042840838432e+00,3.183521749451756477e+00,4.211585363373160362e+00,5.488312290981411934e+00,6.982388673350214958e+00,8.564906800165772438e+00,1.012689252384006977e+01,1.166814710013568401e+01,1.310436823405325413e+01,1.442543161101639271e+01,1.565305306576192379e+01,1.678941785357892513e+01,1.787549923174083233e+01,1.893455213867127895e+01,1.996805840171873569e+01,2.097476045601069927e+01,2.195213441736996174e+01,2.289253105409443378e+01,2.380754775367677212e+01,2.470781342126429081e+01,2.560419593937695026e+01,2.649805643595755100e+01,2.738150698132812977e+01,2.825416657142341137e+01,2.912694872356951237e+01,2.999169104732573032e+01,3.084714026190340519e+01,3.169906320981681347e+01,3.255309625528752804e+01,3.339817109517753124e+01,3.423048756085336208e+01,3.507156553678214550e+01,3.592318058945238590e+01,3.677366492338478565e+01,3.760451101697981358e+01,3.843804826028645039e+01,3.929527900181710720e+01,4.015844105742871761e+01,4.101528632454574108e+01,4.186476371251046658e+01
2.499999990686774254e+00,3.452811436727643013e+00,4.558131983503699303e+00,5.911662010475993156e+00,7.428828021511435509e+00,9.005172410979866982e+00,1.054798881523311138e+01,1.205304791219532490e+01,1.343991220928728580e+01,1.473217918537557125e+01,1.592839290387928486e+01,1.704336763359606266e+01,1.812100014649331570e+01,1.917374967597424984e+01,2.020250787027180195e+01,2.120885704644024372e+01,2.218191944994032383e+01,2.311824080534279346e+01,2.403080216608941555e+01,2.493502409197390079e+01,2.583427834324538708e+01,2.672917856834828854e+01,2.761471136473119259e+01,2.848826437257230282e+01,2.936167656444013119e+01,3.022425607778131962e+01,3.108228356577455997e+01,3.193434788845479488e+01,3.279133462347090244e+01,3.363235904835164547e+01,3.446683152578771114e+01,3.531204140745103359e+01,3.616526979021728039e+01,3.701439485885202885e+01,3.784621660597622395e+01,3.868359695188701153e+01,3.954790118150413036e+01,4.040886298753321171e+01,4.126654234714806080e+01,4.211252662353217602e+01
2.750000031664967537e+00,3.733457857742905617e+00,4.912147810682654381e+00,6.316336756572127342e+00,7.855976046994328499e+00,9.418755164369940758e+00,1.093877512030303478e+01,1.240552267991006374e+01,1.376035637222230434e+01,1.502096825279295444e+01,1.618590573780238628e+01,1.729110213927924633e+01,1.836223085410892963e+01,1.940711555071175098e+01,2.043757238425314426e+01,2.144182422198355198e+01,2.241173791699111462e+01,2.334426376037299633e+01,2.425729758106172085e+01,2.516256175003945827e+01,2.606489839963614941e+01,2.696142452768981457e+01,2.784661822952330112e+01,2.872405531816184521e+01,2.959614037536084652e+01,3.045884142629802227e+01,3.131624306552112103e+01,3.217057348228991032e+01,3.302639513276517391e+01,3.386708400212228298e+01,3.470357754267752171e+01,3.555343230254948139e+01,3.640873380936682224e+01,3.725427868776023388e+01,3.808788550086319447e+01,3.893301752395927906e+01,3.979994892142713070e+01,4.065999356098473072e+01,4.151654676534235477e+01,4.236094974912703037e+01
2.999999979510903358e+00,4.028226109221577644e+00,5.266549950465559959e+00,6.706103449687361717e+00,8.258003043010830879e+00,9.806838119402527809e+00,1.130653615109622478e+01,1.273598759435117245e+01,1.406315774656832218e+01,1.529067051596939564e+01,1.643961868248879910e+01,1.753345313481986523e+01,1.859795595519244671e+01,1.964233596809208393e+01,2.067397045902907848e+01,2.167498287744820118e+01,2.264012689702212811e+01,2.356908372603356838e+01,2.448353837244212627e+01,2.539273346774280071e+01,2.629653676412999630e+01,2.719389568082988262e+01,2.807775889523327351e+01,2.895948351360857487e+01,2.982823778875172138e+01,3.069473239593207836e+01,3.155084042809903622e+01,3.240845068357884884e+01,3.326099426485598087e+01,3.410012531094253063e+01,3.494095024652779102e+01,3.579580239020287991e+01,3.665118818171322346e+01,3.749395632185041904e+01,3.833040981553494930e+01,3.918503760360181332e+01,4.005101691000163555e+01,4.091210397891700268e+01,4.176431722007691860e+01,4.260886213742196560e+01
3.250000020489096642e+00,4.329804657027125359e+00,5.615623435005545616e+00,7.081852434203028679e+00,8.634749287739396095e+00,1.017030323855578899e+01,1.164947855286300182e+01,1.304689873941242695e+01,1.434842715971171856e+01,1.555233192630112171e+01,1.668702834285795689e+01,1.777292885817587376e+01,1.883268835954368114e+01,1.987959523685276508e+01,2.090804814361035824e+01,2.190451608039438725e+01,2.286761063151061535e+01,2.379527757875621319e+01,2.471192502416670322e+01,2.562522632069885731e+01,2.652777680195868015e+01,2.742776046507060528e+01,2.831136458553373814e+01,2.919368795119225979e+01,3.006211551837623119e+01,3.092993278987705708e+01,3.178495825268328190e+01,3.264641654677689075e+01,3.349495851434767246e+01,3.433436970226466656e+01,3.517982889898121357e+01,3.603703319095075130e+01,3.689366891048848629e+01,3.773524551652371883e+01,3.857540800236165524e+01,3.943749577738344669e+01,4.030009028501808643e+01,4.116326314397156239e+01,4.201100901700556278e+01,4.285687715746462345e+01
3.499999968335032463e+00,4.626969760283827782e+00,5.954415211454033852e+00,7.446450879797339439e+00,8.998899767175316811e+00,1.051687919534742832e+01,1.197466640733182430e+01,1.334324288181960583e+01,1.461820513941347599e+01,1.580631262622773647e+01,1.692862552590668201e+01,1.800780617631971836e+01,1.906958599574863911e+01,2.011616635136306286e+01,2.114098132587969303e+01,2.213336690329015255e+01,2.309562670998275280e+01,2.402105531655251980e+01,2.494190349243581295e+01,2.585742925293743610e+01,2.675890955142676830e+01,2.766066580079495907e+01,2.854642639867961407e+01,2.942648050375282764e+01,3.029709658585488796e+01,3.116339477710425854e+01,3.202054309658706188e+01,3.288206285797059536e+01,3.372886893339455128e+01,3.457129471935331821e+01,3.542127213440835476e+01,3.627962595783174038e+01,3.713530567474663258e+01,3.797635273076593876e+01,3.882340048439800739e+01,3.968919017352163792e+01,4.055158193223178387e+01,4.141378658823668957e+01,4.225772456265985966e+01,4.310408043675124645e+01
3.750000009313225746e+00,4.918860504403710365e+00,6.285418709740042686e+00,7.799145160242915154e+00,9.347305586561560631e+00,1.084547233767807484e+01,1.228064675815403461e+01,1.362998406402766705e+01,1.488094213418662548e+01,1.605597059242427349e+01,1.716638808138668537e+01,1.824338431470096111e+01,1.930671059526503086e+01,2.035184609703719616e+01,2.137462361715734005e+01,2.236465415917336941e+01,2.332363030873239040e+01,2.424817145802080631e+01,2.517232731916010380e+01,2.608928722329437733e+01,2.699285498820245266e+01,2.789386208169162273e+01,2.878214218653738499e+01,2.965797535143792629e+01,3.053305339999496937e+01,3.139615268446505070e+01,3.225807487033307552e+01,3.311663721688091755e+01,3.396265306510031223e+01,3.480787784792482853e+01,3.566365079022943974e+01,3.652129606343805790e+01,3.737691803835332394e+01,3.821880021132528782e+01,3.907376970164477825e+01,3.993942453525960445e+01,4.080241923220455647e+01,4.166142358444631100e+01,4.250576277263462543e+01,4.335077484138309956e+01
3.999999957159161568e+00,5.209058569744229317e+00,6.612130394205451012e+00,8.138831006363034248e+00,9.680843958631157875e+00,1.115836235694587231e+01,1.257484559901058674e+01,1.390277151949703693e+01,1.513346857391297817e+01,1.629765569232404232e+01,1.740170172415673733e+01,1.847788286395370960e+01,1.954209064133465290e+01,2.058746577240526676e+01,2.160639786161482334e+01,2.259570988826453686e+01,2.354960222728550434e+01,2.447718889452517033e+01,2.540443423204123974e+01,2.631958578713238239e+01,2.722827694378793240e+01,2.812717021442949772e+01,2.901624883525073528e+01,2.989130211062729359e+01,3.076742948032915592e+01,3.162974989973008633e+01,3.249459187500178814e+01,3.335128533653914928e+01,3.419619542546570301e+01,3.504399885423481464e+01,3.590532517991960049e+01,3.676239200867712498e+01,3.761724499054253101e+01,3.846381320618093014e+01,3.932502246461808681e+01,4.018795588053762913e+01,4.105343953706324100e+01,4.190831868909299374e+01,4.275449286215007305e+01,4.359871405176818371e+01
4.249999998137354851e+00,5.500268610194325447e+00,6.932723941281437874e+00,8.465206017717719078e+00,1.000022203661501408e+01,1.146015017293393612e+01,1.285729804076254368e+01,1.416636616922914982e+01,1.538328784517943859e+01,1.653668559156358242e+01,1.763692800886929035e+01,1.871307198889553547e+01,1.977649196051061153e+01,2.082119327969849110e+01,2.183628748171031475e+01,2.282540979795157909e+01,2.377687324769794941e+01,2.470745448954403400e+01,2.563820458017289639e+01,2.655040384270250797e+01,2.746126153506338596e+01,2.836101963184773922e+01,2.924748896621167660e+01,3.012600452639162540e+01,3.099981765262782574e+01,3.186429222114384174e+01,3.273022971116006374e+01,3.358361539430916309e+01,3.443291527219116688e+01,3.528366307727992535e+01,3.614644450135529041e+01,3.700436097569763660e+01,3.785849395208060741e+01,3.871098333038389683e+01,3.957643867470324039e+01,4.043804467655718327e+01,4.130409364588558674e+01,4.215417024679481983e+01,4.300249912776052952e+01,4.384742495603859425e+01
4.500000039115548134e+00,5.787631915882229805e+00,7.245280453935265541e+00,8.780011674389243126e+00,1.030548666603863239e+01,1.175169027410447598e+01,1.313257361762225628e+01,1.442386717535555363e+01,1.563003747723996639e+01,1.677430956624448299e+01,1.787258614785969257e+01,1.894976287148892879e+01,2.001158003695309162e+01,2.105429158546030521e+01,2.206688034348189831e+01,2.305288002826273441e+01,2.400482720695436001e+01,2.493847799487411976e+01,2.587196468375623226e+01,2.678294186480343342e+01,2.769616101868450642e+01,2.859556158073246479e+01,2.947888583876192570e+01,3.036111197434365749e+01,3.123131743632256985e+01,3.210048577748239040e+01,3.296455484814941883e+01,3.381706126965582371e+01,3.467000941745936871e+01,3.552544456906616688e+01,3.638832434080541134e+01,3.724633450619876385e+01,3.810209301300346851e+01,3.896013046614825726e+01,3.982484485022723675e+01,4.068840830586850643e+01,4.155245288275182247e+01,4.240062902681529522e+01,4.324978147633373737e+01,4.409533631987869740e+01
4.749999986961483955e+00,6.069538230076432228e+00,7.553345570340752602e+00,9.088012250140309334e+00,1.060105976648628712e+01,1.203467859886586666e+01,1.339797298423945904e+01,1.467611598782241344e+01,1.587619404308497906e+01,1.701037460006773472e+01,1.810636450536549091e+01,1.918405094183981419e+01,2.024608100764453411e+01,2.128594866953790188e+01,2.230013362132012844e+01,2.328426246531307697e+01,2.423378205858170986e+01,2.517081103287637234e+01,2.610408705659210682e+01,2.701633828692138195e+01,2.792997262440621853e+01,2.882974823005497456e+01,2.971213250420987606e+01,3.059456734918057919e+01,3.146546236239373684e+01,3.233614475466310978e+01,3.319839849136769772e+01,3.405096600763499737e+01,3.490661461837589741e+01,3.576725260354578495e+01,3.662868193350732327e+01,3.748667449690401554e+01,3.834727234207093716e+01,3.921061982400715351e+01,4.007306615822017193e+01,4.093950665555894375e+01,4.179939529858529568e+01,4.264849112369120121e+01,4.349801777862012386e+01,4.434279617853462696e+01
5.000000027939677238e+00,6.349772820249199867e+00,7.855727104470133781e+00,9.389338875189423561e+00,1.088701453991234303e+01,1.230936921201646328e+01,1.366014671511948109e+01,1.492526684887707233e+01,1.611882033757865429e+01,1.724417083896696568e+01,1.833879887126386166e+01,1.941972584463655949e+01,2.047980627976357937e+01,2.151912231929600239e+01,2.253177580423653126e+01,2.351450785063207150e+01,2.446276755072176456e+01,2.540472471155226231e+01,2.633538735099136829e+01,2.724932343699038029e+01,2.816317533142864704e+01,2.905986434780061245e+01,2.994691659696400166e+01,3.082696921192109585e+01,3.170098741538822651e+01,3.257121643982827663e+01,3.343058503232896328e+01,3.428556430153548717e+01,3.514368790201842785e+01,3.600798952393233776e+01,3.686994104646146297e+01,3.772860453464090824e+01,3.859302517957985401e+01,3.946046712808310986e+01,4.032123400829732418e+01,4.118946944363415241e+01,4.204504718072712421e+01,4.289560192264616489e+01,4.374753837473690510e+01,4.458884964697062969e+01
5.249999975785613060e+00,6.630027713254094124e+00,8.150521526113152504e+00,9.683081833645701408e+00,1.116605917923152447e+01,1.257699332199990749e+01,1.391733116470277309e+01,1.517230789177119732e+01,1.635546269826591015e+01,1.747715636156499386e+01,1.857085409574210644e+01,1.965480349026620388e+01,2.071252898313105106e+01,2.175245420075953007e+01,2.276143622584640980e+01,2.374719898216426373e+01,2.469321605749428272e+01,2.563838143832981586e+01,2.656736238859593868e+01,2.748411376960575581e+01,2.839663014747202396e+01,2.929074321873486042e+01,3.018069355748593807e+01,3.105875770561397076e+01,3.193682082928717136e+01,3.280601915903389454e+01,3.366370950825512409e+01,3.452238547615706921e+01,3.538352684117853642e+01,3.624956193380057812e+01,3.711081291548907757e+01,3.797307047061622143e+01,3.884056615643203259e+01,3.970769257284700871e+01,4.057019730098545551e+01,4.143823026679456234e+01,4.229196519590914249e+01,4.314170428551733494e+01,4.399565481580793858e+01,4.483606801368296146e+01
5.500000016763806343e+00,6.911039119586348534e+00,8.436443144455552101e+00,9.968764381483197212e+00,1.143751204945147038e+01,1.284119063057005405e+01,1.417151582427322865e+01,1.541624446399509907e+01,1.659117243252694607e+01,1.771038924343883991e+01,1.880553965456783772e+01,1.988845285959541798e+01,2.094534854404628277e+01,2.198428274132311344e+01,2.299286867491900921e+01,2.397911441512405872e+01,2.492442573420703411e+01,2.587146400474011898e+01,2.679863818921148777e+01,2.771832491271197796e+01,2.862939327023923397e+01,2.952317367307841778e+01,3.041373728774487972e+01,3.129208679310977459e+01,3.217191859148442745e+01,3.303815699182450771e+01,3.389839646406471729e+01,3.475938332267105579e+01,3.562490134499967098e+01,3.649039980955421925e+01,3.735114210285246372e+01,3.821892947889864445e+01,3.909099106676876545e+01,3.995560039766132832e+01,4.081992558203637600e+01,4.168488313443958759e+01,4.254037528298795223e+01,4.338901001028716564e+01,4.424298848025500774e+01,4.508490511216223240e+01
5.749999964609742165e+00,7.186640379950404167e+00,8.716118009760975838e+00,1.024766876362264156e+01,1.170642697252333164e+01,1.310258521698415279e+01,1.442373921163380146e+01,1.565548800863325596e+01,1.682474422268569469e+01,1.794431763701140881e+01,1.904046968556940556e+01,2.012138604186475277e+01,2.117939987219870090e+01,2.221650886349380016e+01,2.322673746384680271e+01,2.421029401011765003e+01,2.515564416535198689e+01,2.610500105656683445e+01,2.703052549622952938e+01,2.795089301653206348e+01,2.886182204820215702e+01,2.975673987530171871e+01,3.064551451243460178e+01,3.152746814303100109e+01,3.240591562353074551e+01,3.327072286047041416e+01,3.413272793404757977e+01,3.499706662259995937e+01,3.586527467705309391e+01,3.673098157159984112e+01,3.759267288260161877e+01,3.846571599133312702e+01,3.933976064436137676e+01,4.020256767980754375e+01,4.106951826252043247e+01,4.193060505203902721e+01,4.278774117119610310e+01,4.363780883140861988e+01,4.448906085453927517e+01,4.533530152402818203e+01
6.000000005587935448e+00,7.459887349978089333e+00,8.994047855958342552e+00,1.051914156414568424e+01,1.197033436037600040e+01,1.336018727160990238e+01,1.467197653837502003e+01,1.589710419066250324e+01,1.705688317306339741e+01,1.817659358493983746e+01,1.927433949895203114e+01,2.035393235273659229e+01,2.141292789019644260e+01,2.244953173212707043e+01,2.346094311214983463e+01,2.444075862877070904e+01,2.538854642771184444e+01,2.633866551332175732e+01,2.726284894160926342e+01,2.818347415886819363e+01,2.909320914186537266e+01,2.998922863043844700e+01,3.087737406603991985e+01,3.176208860240876675e+01,3.264052881859242916e+01,3.350343401543796062e+01,3.436820521019399166e+01,3.523563318885862827e+01,3.610497727058827877e+01,3.697154209949076176e+01,3.783640037290751934e+01,3.871356383897364140e+01,3.958739344961941242e+01,4.045023978687822819e+01,4.131888276897370815e+01,4.217738476581871510e+01,4.303351198323071003e+01,4.388630413450300694e+01,4.473533886484801769e+01,4.558594669215381145e+01
6.250000000000000000e+00,7.731257239356637001e+00,9.267784422263503075e+00,1.078325216658413410e+01,1.223248499445617199e+01,1.361583103425800800e+01,1.491878456436097622e+01,1.613691220991313457e+01,1.728962375782430172e+01,1.840702830813825130e+01,1.950873821042478085e+01,2.058725603856146336e+01,2.164846207015216351e+01,2.268224158324301243e+01,2.369669224135577679e+01,2.467059078626334667e+01,2.562346630729734898e+01,2.656976724974811077e+01,2.749522146768867970e+01,2.841486777178943157e+01,2.932568979449570179e+01,3.022068035788834095e+01,3.111015162430703640e+01,3.199646319262683392e+01,3.287212061695754528e+01,3.373756031505763531e+01,3.460548748262226582e+01,3.547663544304668903e+01,3.634622585959732533e+01,3.721174518577754498e+01,3.808195577003061771e+01,3.896326026879251003e+01,3.983556912280619144e+01,4.069868554361164570e+01,4.156545740552246571e+01,4.242480522952973843e+01,4.327944894321262836e+01,4.413397540338337421e+01,4.498252621851861477e+01,4.583653737790882587e+01
6.499999994412064552e+00,7.999912975355982780e+00,9.538145596161484718e+00,1.104580271057784557e+01,1.249198573641479015e+01,1.386860567145049572e+01,1.516012423671782017e+01,1.637528878636658192e+01,1.752403932623565197e+01,1.863927734084427357e+01,1.974154426716268063e+01,2.081941575743257999e+01,2.187950578518211842e+01,2.291527916677296162e+01,2.393183433450758457e+01,2.490079407580196857e+01,2.585824173875153065e+01,2.680214340798556805e+01,2.772844661958515644e+01,2.864799755625426769e+01,2.955884379334747791e+01,3.045230205170810223e+01,3.134453804232180119e+01,3.223106483928859234e+01,3.310303199104964733e+01,3.397189644165337086e+01,3.484216150827705860e+01,3.571806806139647961e+01,3.658663169480860233e+01,3.745243395678699017e+01,3.832836509682238102e+01,3.921111370436847210e+01,4.008173034526407719e+01,4.094715067185461521e+01,4.181142779998481274e+01,4.267226229421794415e+01,4.352609463967382908e+01,4.438132527284324169e+01,4.523243247531354427e+01,4.608701155520975590e+01
6.750000035390257835e+00,8.265393832698464394e+00,9.802861651405692101e+00,1.130951563827693462e+01,1.274923714809119701e+01,1.411876254715025425e+01,1.539912805892527103e+01,1.661023865453898907e+01,1.775715597905218601e+01,1.887398068793118000e+01,1.997332102619111538e+01,2.105208016000688076e+01,2.211279054172337055e+01,2.315056915394961834e+01,2.416515625081956387e+01,2.513060704804956913e+01,2.609088928438723087e+01,2.703402959741652012e+01,2.796058342792093754e+01,2.888223570771515369e+01,2.979066804982721806e+01,3.068463304080069065e+01,3.157837097533047199e+01,3.246506280265748501e+01,3.333555464632809162e+01,3.420530245639383793e+01,3.507951409555971622e+01,3.595763896591961384e+01,3.682646011002361774e+01,3.769579068757593632e+01,3.857588605023920536e+01,3.945965883322060108e+01,4.032784621231257915e+01,4.119558841921389103e+01,4.205767107196152210e+01,4.291888135485351086e+01,4.377331598661839962e+01,4.462792291305959225e+01,4.548145378939807415e+01,4.633792494423687458e+01
6.999999983236193657e+00,8.525650436058640480e+00,1.006567166186869144e+01,1.157133155502378941e+01,1.300466996617615223e+01,1.436553779058158398e+01,1.563852517865598202e+01,1.684373221360146999e+01,1.798854791559278965e+01,1.910667815245687962e+01,2.020749882794916630e+01,2.128597213886678219e+01,2.234691013582050800e+01,2.338657346554100513e+01,2.439747084863483906e+01,2.536252900026738644e+01,2.632306697778403759e+01,2.726520872674882412e+01,2.819055696018040180e+01,2.911593974567949772e+01,3.002202021889388561e+01,3.091823388822376728e+01,3.181168953888118267e+01,3.269792129285633564e+01,3.356840941123664379e+01,3.444206905551254749e+01,3.531949161551892757e+01,3.619736828841269016e+01,3.706713044084608555e+01,3.794046393595635891e+01,3.882400472648441792e+01,3.970734481699764729e+01,4.057477214373648167e+01,4.144258662126958370e+01,4.230436435900628567e+01,4.316532271914184093e+01,4.401986212469637394e+01,4.487489364109933376e+01,4.573071249760687351e+01,4.658900615759193897e+01
7.250000024214386940e+00,8.785060280933976173e+00,1.032852702774107456e+01,1.183219454251229763e+01,1.325748167000710964e+01,1.460883165709674358e+01,1.588100562803447247e+01,1.707685957662761211e+01,1.821958920918405056e+01,1.933868783526122570e+01,2.044217442162334919e+01,2.152075138874351978e+01,2.258350257761776447e+01,2.362338029779493809e+01,2.463055527769029140e+01,2.559606102295219898e+01,2.655562604777514935e+01,2.749587711878120899e+01,2.842141077853739262e+01,2.934825937263667583e+01,3.025178196839988232e+01,3.115153335966169834e+01,3.204495362006127834e+01,3.292986662127077579e+01,3.380238111130893230e+01,3.467920986004173756e+01,3.556097629480063915e+01,3.643782180733978748e+01,3.730852236039936543e+01,3.818568172864615917e+01,3.907217322848737240e+01,3.995441556908190250e+01,4.082206976599991322e+01,4.168905946426093578e+01,4.255187739618122578e+01,4.341106363572180271e+01,4.426655429415404797e+01,4.512422843836247921e+01,4.598022918216884136e+01,4.684040923602879047e+01
7.499999972060322762e+00,9.044046746566891670e+00,1.059043216519057751e+01,1.209033564664423466e+01,1.350807058624923229e+01,1.485298187471926212e+01,1.612132494337856770e+01,1.730629247613251209e+01,1.844870778732001781e+01,1.956963953562080860e+01,2.067656540311872959e+01,2.175522600300610065e+01,2.281935480423271656e+01,2.385997814126312733e+01,2.486272328533232212e+01,2.582825259305536747e+01,2.678746567107737064e+01,2.772686234675347805e+01,2.865492119453847408e+01,2.957888669334352016e+01,3.048317222855985165e+01,3.138499301858246326e+01,3.227819954045116901e+01,3.316242867149412632e+01,3.403661507181823254e+01,3.491631173528730869e+01,3.580165761522948742e+01,3.667665109969675541e+01,3.755049449391663074e+01,3.843237585388123989e+01,3.932116911746561527e+01,4.020075951702892780e+01,4.106931309215724468e+01,4.193450859747827053e+01,4.279953320510685444e+01,4.365767179988324642e+01,4.451224613003432751e+01,4.537296243943274021e+01,4.622969967313110828e+01,4.709123340435326099e+01
7.750000013038516045e+00,9.303309628739953041e+00,1.084936042316257954e+01,1.234461688436567783e+01,1.375769521109759808e+01,1.509767076931893826e+01,1.635829419828951359e+01,1.753671295009553432e+01,1.867858101613819599e+01,1.980240256525576115e+01,2.090873285196721554e+01,2.198908864520490170e+01,2.305507934652268887e+01,2.409574813209474087e+01,2.509361146949231625e+01,2.606174065731465816e+01,2.701870421878993511e+01,2.795632365159690380e+01,2.888984098099172115e+01,2.980872937478125095e+01,3.071599365212023258e+01,3.161827060393989086e+01,3.251156606711447239e+01,3.339499677531421185e+01,3.427109657786786556e+01,3.515494135208427906e+01,3.604137008078396320e+01,3.691695588640868664e+01,3.779405071400105953e+01,3.867786782793700695e+01,3.956930912099778652e+01,4.044648292474448681e+01,4.131619627587497234e+01,4.217995577491819859e+01,4.304560790769755840e+01,4.390407376922667027e+01,4.475899511016905308e+01,4.562199343927204609e+01,4.648002912290394306e+01,4.734257650561630726e+01
7.999999960884451866e+00,9.559963131323456764e+00,1.110991709865629673e+01,1.259530908428132534e+01,1.400678879581391811e+01,1.534088556654751301e+01,1.659062779508531094e+01,1.776801575906574726e+01,1.891161133535206318e+01,2.003614655695855618e+01,2.114057536236941814e+01,2.222559447400271893e+01,2.329320344142615795e+01,2.433069203980267048e+01,2.532463907264173031e+01,2.629464385099709034e+01,2.724935417063534260e+01,2.818741179071366787e+01,2.912210659123957157e+01,3.003973593004047871e+01,3.094808706082403660e+01,3.185107749886810780e+01,3.274484979920089245e+01,3.362649143673479557e+01,3.450784948654472828e+01,3.539648805744946003e+01,3.628136725164949894e+01,3.715850845910608768e+01,3.803861304186284542e+01,3.892570803873240948e+01,3.981624715961515903e+01,4.069286086596548557e+01,4.156266381032764912e+01,4.242635262198746204e+01,4.329055021516978741e+01,4.414991694502532482e+01,4.500708379782736301e+01,4.587124525569379330e+01,4.673135480843484402e+01,4.759604255668818951e+01
8.250000001862645149e+00,9.816193906590342522e+00,1.136617683805525303e+01,1.284329765476286411e+01,1.425397223792970181e+01,1.558281206525862217e+01,1.682158256880939007e+01,1.799863525666296482e+01,1.914383270777761936e+01,2.027272996492683887e+01,2.137472596950829029e+01,2.246459783054888248e+01,2.352981721051037312e+01,2.456475668586790562e+01,2.555580795742571354e+01,2.652624039910733700e+01,2.747914702631533146e+01,2.841999311931431293e+01,2.935381154529750347e+01,3.027221732772886753e+01,3.117949743755161762e+01,3.208281346596777439e+01,3.297802475281059742e+01,3.385980776511132717e+01,3.474512663669884205e+01,3.563730497844517231e+01,3.652084362693130970e+01,3.740098676644265652e+01,3.828367865644395351e+01,3.917496106587350368e+01,4.006255264393985271e+01,4.093914958648383617e+01,4.180836589075624943e+01,4.267391297034919262e+01,4.353599310852587223e+01,4.439520393498241901e+01,4.525676048360764980e+01,4.611919722519814968e+01,4.698126069270074368e+01,4.785047615878283978e+01
8.500000042840838432e+00,1.007262705825269222e+01,1.162056340835988522e+01,1.309273946098983288e+01,1.450012675486505032e+01,1.582471593283116817e+01,1.705385246314108372e+01,1.822912334464490414e+01,1.937631885521113873e+01,2.050881660543382168e+01,2.161256899125874043e+01,2.270271978341042995e+01,2.376693072728812695e+01,2.479861020110547543e+01,2.578825303353369236e+01,2.675658068619668484e+01,2.770966743119060993e+01,2.865358670242130756e+01,2.958468147553503513e+01,3.050571619533002377e+01,3.141150469891726971e+01,3.231524000875651836e+01,3.321081935428082943e+01,3.409304725937545300e+01,3.498291526921093464e+01,3.587831263430416584e+01,3.676095600239932537e+01,3.764349115081131458e+01,3.852786500938236713e+01,3.942353106103837490e+01,4.030770114623010159e+01,4.118645903654396534e+01,4.205334610305726528e+01,4.291946352459490299e+01,4.378208513371646404e+01,4.464100426994264126e+01,4.550599628128111362e+01,4.636884811334311962e+01,4.723088867031037807e+01,4.810535390861332417e+01
8.749999990686774254e+00,1.032843464054167271e+01,1.187438298948109150e+01,1.334198149852454662e+01,1.474528373219072819e+01,1.606208351440727711e+01,1.728634987957775593e+01,1.845903447829186916e+01,1.960937571711838245e+01,2.074321121908724308e+01,2.184817078523337841e+01,2.293923269025981426e+01,2.400289815850555897e+01,2.503043548204004765e+01,2.602037745527923107e+01,2.698658262379467487e+01,2.794050634838640690e+01,2.888495358638465405e+01,2.981564835645258427e+01,3.073706678114831448e+01,3.164350944571197033e+01,3.254860541783273220e+01,3.344271541573107243e+01,3.432825631462037563e+01,3.522243327461183071e+01,3.611748297698795795e+01,3.700282140634953976e+01,3.788718483410775661e+01,3.877392630092799664e+01,3.967100218869745731e+01,4.055419941432774067e+01,4.143326510675251484e+01,4.229901232756674290e+01,4.316449235193431377e+01,4.402817836962640285e+01,4.488723198883235455e+01,4.575509564019739628e+01,4.661923791281878948e+01,4.748259126208722591e+01,4.836087641306221485e+01
9.000000031664967537e+00,1.058275415562093258e+01,1.212675650604069233e+01,1.359135122038424015e+01,1.498970915563404560e+01,1.629694090224802494e+01,1.751824994571506977e+01,1.869062655605375767e+01,1.984265432693064213e+01,2.097649197094142437e+01,2.208347446285188198e+01,2.317602443508803844e+01,2.423866982571780682e+01,2.526275268755853176e+01,2.625231002457439899e+01,2.721435404382646084e+01,2.817349978722631931e+01,2.911512688733637333e+01,3.004842340014874935e+01,3.096733563579618931e+01,3.187531302683055401e+01,3.278212235309183598e+01,3.367592873983085155e+01,3.456515758298337460e+01,3.546379436738789082e+01,3.635794618166983128e+01,3.724534534849226475e+01,3.813008540309965611e+01,3.902192120440304279e+01,3.991752029396593571e+01,4.080008924938738346e+01,4.167858329601585865e+01,4.254610450007021427e+01,4.340907041914761066e+01,4.427360952831804752e+01,4.513563294894993305e+01,4.600343960337340832e+01,4.686831212602555752e+01,4.773632059805095196e+01,4.861636213026940823e+01
9.249999979510903358e+00,1.083439034409821033e+01,1.237696041353046894e+01,1.384085840545594692e+01,1.523207020945847034e+01,1.653066142462193966e+01,1.774944760836660862e+01,1.892583440057933331e+01,2.007670751772820950e+01,2.121151373721659184e+01,2.232101545669138432e+01,2.341223130933940411e+01,2.447517779655754566e+01,2.549713249318301678e+01,2.648317343555390835e+01,2.744387215934693813e+01,2.840648493729531765e+01,2.934574433602392673e+01,3.028082665987312794e+01,3.119781012646853924e+01,3.210756960324943066e+01,3.301414730958640575e+01,3.390999860130250454e+01,3.480197866447269917e+01,3.570505701936781406e+01,3.659838014282286167e+01,3.748708157800137997e+01,3.837283295579254627e+01,3.927001641131937504e+01,4.016322060488164425e+01,4.104811013676226139e+01,4.192288252525031567e+01,4.279141980223357677e+01,4.365488677285611629e+01,4.451890601776540279e+01,4.538436117582023144e+01,4.625281845219433308e+01,4.711638200096786022e+01,4.799082302488386631e+01,4.887015973217785358e+01
9.500000020489096642e+00,1.108634625561535358e+01,1.262498185969889164e+01,1.408988940529525280e+01,1.547229341231286526e+01,1.676156953908503056e+01,1.798121607862412930e+01,1.915999283082783222e+01,2.031224300153553486e+01,2.144794384948909283e+01,2.255845838226377964e+01,2.364856437779963017e+01,2.470907769165933132e+01,2.573084379546344280e+01,2.671126904897391796e+01,2.767625511623919010e+01,2.863845746032893658e+01,2.957739732228219509e+01,3.051189803518354893e+01,3.142824168317019939e+01,3.234057310037314892e+01,3.324686926789581776e+01,3.414351274259388447e+01,3.503963756375014782e+01,3.594511752016842365e+01,3.683964614756405354e+01,3.772979923523962498e+01,3.861714522354304790e+01,3.951836037449538708e+01,4.040757692418992519e+01,4.129566452465951443e+01,4.216823861934244633e+01,4.303542417474091053e+01,4.390056612901389599e+01,4.476399901323020458e+01,4.563273978419601917e+01,4.650202016346156597e+01,4.736613319255411625e+01,4.824647209607064724e+01,4.912117323838174343e+01
9.749999968335032463e+00,1.133923972956836224e+01,1.287131016142666340e+01,1.433796915225684643e+01,1.571127022616565228e+01,1.699403864331543446e+01,1.821319670416414738e+01,1.939291502349078655e+01,2.054834081791341305e+01,2.168592824600636959e+01,2.279594135470688343e+01,2.388588064350187778e+01,2.494351700879633427e+01,2.596323355101048946e+01,2.693932172842323780e+01,2.790914732031524181e+01,2.886917549185454845e+01,2.981017665006220341e+01,3.074274868704378605e+01,3.165941066108644009e+01,3.257426605559885502e+01,3.348012710921466351e+01,3.437859029509127140e+01,3.528031469322741032e+01,3.618555129505693913e+01,3.708139206282794476e+01,3.797130542807281017e+01,3.886313117109239101e+01,3.976507945917546749e+01,4.065331448800861835e+01,4.154145908541977406e+01,4.241415145806968212e+01,4.327868097461760044e+01,4.414639729075133801e+01,4.501079074107110500e+01,4.588105655275285244e+01,4.675090503878891468e+01,4.761906214989721775e+01,4.850137480534613132e+01,4.937153575010597706e+01
