0,1.713520381599664688e-01,3.427041228860616684e-01,5.140562076121568680e-01,6.880359258502721786e-01,8.792487438768148422e-01,1.082366937771439552e+00,1.294032530859112740e+00,1.524591585621237755e+00,1.757352286949753761e+00,1.978655951097607613e+00,2.092265570536255836e+00,2.205108338966965675e+00,2.329194219782948494e+00,2.463366789743304253e+00,2.603584202006459236e+00,2.747155213728547096e+00,2.892172010615468025e+00,3.037159377709031105e+00,3.186779329553246498e+00,3.340549254789948463e+00,3.498704591765999794e+00,3.662221459671854973e+00,3.832690929993987083e+00,4.011591570451855659e+00,4.199499962851405144e+00,4.395336145535111427e+00,4.598037851974368095e+00,4.806640231981873512e+00,5.024037463590502739e+00,5.254368251189589500e+00,5.494448216632008553e+00,5.745158391073346138e+00,6.002561142668128014e+00,6.267522042617201805e+00,6.543408473953604698e+00,6.830336013808846474e+00,7.125091692432761192e+00,7.431608391925692558e+00,7.747032726183533669e+00
4.999996162950992584e-02,2.213520463556051254e-01,3.927041310817003250e-01,5.640562158077955246e-01,7.387097459286451340e-01,9.325226303189992905e-01,1.136610889807343483e+00,1.351521676406264305e+00,1.584605267271399498e+00,1.816627709195017815e+00,2.016686601564288139e+00,2.121984353289008141e+00,2.238512365147471428e+00,2.366415457800030708e+00,2.503978321328759193e+00,2.646226948127150536e+00,2.791166352108120918e+00,2.936825016513466835e+00,3.084293892607092857e+00,3.236255748197436333e+00,3.392733493819832802e+00,3.553728247061371803e+00,3.720668843016028404e+00,3.894843393936753273e+00,4.078452335670590401e+00,4.271041182801127434e+00,4.469932103529572487e+00,4.676511650905013084e+00,4.888547817245125771e+00,5.113818077370524406e+00,5.349227273836731911e+00,5.596011457964777946e+00,5.849686032161116600e+00,6.110995961353182793e+00,6.381930271163582802e+00,6.664401805028319359e+00,6.955924490466713905e+00,7.255982840433716774e+00,7.567751733586192131e+00,7.885241368785500526e+00
9.999996982514858246e-02,2.713520545512437820e-01,4.427041392773389816e-01,6.140596698969602585e-01,7.895411457866430283e-01,9.860585909336805344e-01,1.191135914996266365e+00,1.409788383170962334e+00,1.644794689491391182e+00,1.875506015494465828e+00,2.043910371139645576e+00,2.152850991114974022e+00,2.273043664172291756e+00,2.404850954189896584e+00,2.544961730018258095e+00,2.689301175996661186e+00,2.835673419758677483e+00,2.982298796996474266e+00,3.132664645090699196e+00,3.287100279703736305e+00,3.446488128975033760e+00,3.609931515529751778e+00,3.780562197789549828e+00,3.959457250311970711e+00,4.147484852001070976e+00,4.343530768528580666e+00,4.546656319871544838e+00,4.755315696820616722e+00,4.974996251985430717e+00,5.205952702090144157e+00,5.447675334289669991e+00,5.698551656678318977e+00,5.955860344693064690e+00,6.222561234608292580e+00,6.499531352892518044e+00,6.787161389365792274e+00,7.083287322893738747e+00,7.388742594048380852e+00,7.703514350578188896e+00,8.023497322574257851e+00
1.499999780207872391e-01,3.213520627468824387e-01,4.927041474729776382e-01,6.641287822276353836e-01,8.408293593674898148e-01,1.039602095261216164e+00,1.245925994589924812e+00,1.468936400488018990e+00,1.705074263736605644e+00,1.933922758325934410e+00,2.072076732292771339e+00,2.184854773804545403e+00,2.309090131893754005e+00,2.444676822051405907e+00,2.587067941203713417e+00,2.732930472120642662e+00,2.880387427285313606e+00,3.029053891077637672e+00,3.181959921494126320e+00,3.339072270318865776e+00,3.501150151714682579e+00,3.667867882177233696e+00,3.842371935024857521e+00,4.025673167780041695e+00,4.218236496672034264e+00,4.417777201160788536e+00,4.623945942148566246e+00,4.837778629735112190e+00,5.063647637143731117e+00,5.300559988245368004e+00,5.547970766201615334e+00,5.801443988457322121e+00,6.064087105914950371e+00,6.336892163380980492e+00,6.619480950757861137e+00,6.912244157865643501e+00,7.212187675759196281e+00,7.522118790075182915e+00,7.839848613366484642e+00,8.161391271278262138e+00
1.999999862164258957e-01,3.713520709425210953e-01,5.427041556686162949e-01,7.142641115933656693e-01,8.926856797188520432e-01,1.093100151047110558e+00,1.300981221720576286e+00,1.528663327917456627e+00,1.765352440997958183e+00,1.991929998621344566e+00,2.101323520764708519e+00,2.217958169057965279e+00,2.346283709630370140e+00,2.485451521351933479e+00,2.630117395892739296e+00,2.777509531006217003e+00,2.925687702372670174e+00,3.077154001221060753e+00,3.232373995706439018e+00,3.392635704949498177e+00,3.556668618693947792e+00,3.727109869942069054e+00,3.906109882518649101e+00,4.094159463420510292e+00,4.290066147223114967e+00,4.493334842845797539e+00,4.702932806685566902e+00,4.923355160281062126e+00,5.154906352981925011e+00,5.398437054827809334e+00,5.648995144292712212e+00,5.906731681898236275e+00,6.175397103652358055e+00,6.453125411644577980e+00,6.741465954110026360e+00,7.037784392014145851e+00,7.342033972963690758e+00,7.655514450743794441e+00,7.975854119285941124e+00,8.300035400316119194e+00
2.499999944120645523e-01,4.213520791381597519e-01,5.927041638642549515e-01,7.644289638847112656e-01,9.450546000152826309e-01,1.146606309339404106e+00,1.357115758582949638e+00,1.588899223133921623e+00,1.825455157086253166e+00,2.023199712857604027e+00,2.131764544174075127e+00,2.252106973901391029e+00,2.384790824726223946e+00,2.526786318048834801e+00,2.673588646575808525e+00,2.822201186791062355e+00,2.972204657271504402e+00,3.126156283542513847e+00,3.284000465646386147e+00,3.446930693462491035e+00,3.613899787887930870e+00,3.788568777963519096e+00,3.971925238147377968e+00,4.163753474131226540e+00,4.363788431510329247e+00,4.569672932848334312e+00,4.785526311025023460e+00,5.011083139106631279e+00,5.249605374410748482e+00,5.496809864416718483e+00,5.751417716965079308e+00,6.015012646093964577e+00,6.288921227678656578e+00,6.571707082912325859e+00,6.865059630945324898e+00,7.163875969126820564e+00,7.472693966701626778e+00,7.789816195145249367e+00,8.112341677770018578e+00,8.439011545851826668e+00
3.000000026077032089e-01,4.713520873337984085e-01,6.427040789276361465e-01,8.146111387759447098e-01,9.977410081773996353e-01,1.200565649196505547e+00,1.414287975057959557e+00,1.649527112022042274e+00,1.885252771899104118e+00,2.050988795235753059e+00,2.163473656401038170e+00,2.287774858996272087e+00,2.424788055941462517e+00,2.569302311167120934e+00,2.717847889289259911e+00,2.867292752489447594e+00,3.020016988739371300e+00,3.176344512030482292e+00,3.337368974462151527e+00,3.502122079953551292e+00,3.672616230323910713e+00,3.851547231897711754e+00,4.039473785087466240e+00,4.235243657603859901e+00,4.438092047348618507e+00,4.649724578484892845e+00,4.870070656761527061e+00,5.102036194875836372e+00,5.345398327335715294e+00,5.596944550052285194e+00,5.856158258393406868e+00,6.125393370166420937e+00,6.403910322114825249e+00,6.692338595166802406e+00,6.988374562934041023e+00,7.290870742872357368e+00,7.604235084727406502e+00,7.924481714144349098e+00,8.249375456944108009e+00,8.577226521447300911e+00
3.500000108033418655e-01,5.213520955294370651e-01,6.927040871232748032e-01,8.648022543638944626e-01,1.050599804148077965e+00,1.254863431677222252e+00,1.472389185801148415e+00,1.710301777347922325e+00,1.944560697302222252e+00,2.079783799126744270e+00,2.196324290707707405e+00,2.324891323223710060e+00,2.465555490925908089e+00,2.612610207870602608e+00,2.762611815705895424e+00,2.913496596738696098e+00,3.068797616288065910e+00,3.227675845846533775e+00,3.391410363838076591e+00,3.558657644316554070e+00,3.733437275514006615e+00,3.916681604459881783e+00,4.108178941532969475e+00,4.307743394747376442e+00,4.514908464625477791e+00,4.731299867853522301e+00,4.957392578944563866e+00,5.195179907605051994e+00,5.442606704309582710e+00,5.699450662359595299e+00,5.963433673605322838e+00,6.237590638920664787e+00,6.520937522873282433e+00,6.813200796023011208e+00,7.111708307638764381e+00,7.419659709557890892e+00,7.736213551834225655e+00,8.059627329930663109e+00,8.386754384264349937e+00,8.715914981439709663e+00
4.000000189989805222e-01,5.713521037250757217e-01,7.427040953189134598e-01,9.150765370577573776e-01,1.103770313784480095e+00,1.309419842436909676e+00,1.531506562605500221e+00,1.771201705560088158e+00,2.001567976549267769e+00,2.109719300642609596e+00,2.230226946994662285e+00,2.363397879526019096e+00,2.507313201203942299e+00,2.656634012237191200e+00,2.807607827708125114e+00,2.961187483742833138e+00,3.118689125403761864e+00,3.280648635700345039e+00,3.446294972673058510e+00,3.616783069446682930e+00,3.795883199200034142e+00,3.983221342787146568e+00,4.178726719692349434e+00,4.381302604451775551e+00,4.594535427168011665e+00,4.815020086243748665e+00,5.046961409971117973e+00,5.289289681240916252e+00,5.542245926335453987e+00,5.803928850218653679e+00,6.072492850944399834e+00,6.351612182334065437e+00,6.638765288516879082e+00,6.934643117710947990e+00,7.236579572781920433e+00,7.549740141257643700e+00,7.869180152192711830e+00,8.195370761677622795e+00,8.522972045466303825e+00,8.855874510481953621e+00
4.500000271946191788e-01,6.213520187884569168e-01,7.927041035145521164e-01,9.654929395765066147e-01,1.157208112999796867e+00,1.364367967471480370e+00,1.591493142768740654e+00,1.832017255946993828e+00,2.028962178155779839e+00,2.141011459752917290e+00,2.265468006953597069e+00,2.403491223230957985e+00,2.550216903910040855e+00,2.701501687988638878e+00,2.853513928130269051e+00,3.009828785434365273e+00,3.169816406443715096e+00,3.334441455081105232e+00,3.502362547442317009e+00,3.676939802244305611e+00,3.860061941668391228e+00,4.051463259384036064e+00,4.249906307086348534e+00,4.458680609241127968e+00,4.675652878358960152e+00,4.901644447818398476e+00,5.137800378724932671e+00,5.385960033163428307e+00,5.644656484946608543e+00,5.909604439511895180e+00,6.183217791840434074e+00,6.465569278225302696e+00,6.757419509813189507e+00,7.056002737954258919e+00,7.363215973600745201e+00,7.679993147030472755e+00,8.003345457836985588e+00,8.330910699442028999e+00,8.659328846260905266e+00,8.995032263919711113e+00
5.000000353902578354e-01,6.713520269840955734e-01,8.427041117101907730e-01,1.016051648184657097e+00,1.210825471207499504e+00,1.419625198468565941e+00,1.652102591469883919e+00,1.892721420153975487e+00,2.057316107675433159e+00,2.173547958955168724e+00,2.302320534363389015e+00,2.444292558357119560e+00,2.593838376924395561e+00,2.746505988761782646e+00,2.900778548792004585e+00,3.059440618380904198e+00,3.222514735534787178e+00,3.389150230213999748e+00,3.559968853369355202e+00,3.738884767517447472e+00,3.925615036860108376e+00,4.120698245242238045e+00,4.324016952887177467e+00,4.537390964105725288e+00,4.759068368002772331e+00,4.989252472296357155e+00,5.231005465611815453e+00,5.485032638534903526e+00,5.748229706659913063e+00,6.017498904839158058e+00,6.294824229553341866e+00,6.580732157453894615e+00,6.876828661188483238e+00,7.179146772250533104e+00,7.491537695750594139e+00,7.811325090005993843e+00,8.138038730248808861e+00,8.465522853657603264e+00,8.796899160370230675e+00,9.134035417810082436e+00
5.500000435858964920e-01,7.213520351797342300e-01,8.927041199058294296e-01,1.066753221675753593e+00,1.264472166076302528e+00,1.476183114573359489e+00,1.713305665180087090e+00,1.952921831980347633e+00,2.086795913055539131e+00,2.207105187699198723e+00,2.340749697759747505e+00,2.486495906487107277e+00,2.638504048809409142e+00,2.792260469868779182e+00,2.949282759800553322e+00,3.110403148457407951e+00,3.275948436930775642e+00,3.444935800507664680e+00,3.619113704189658165e+00,3.802245156839489937e+00,3.993091126903891563e+00,4.191284766420722008e+00,4.400427406653761864e+00,4.618582734838128090e+00,4.843474412336945534e+00,5.078904470428824425e+00,5.326804472133517265e+00,5.586089612916111946e+00,5.853010388091206551e+00,6.125411344692111015e+00,6.406199233606457710e+00,6.697476049885153770e+00,6.996843079105019569e+00,7.303714891895651817e+00,7.620520843192934990e+00,7.943800976499915123e+00,8.271621493622660637e+00,8.599965879693627357e+00,8.933792216703295708e+00,9.273535246029496193e+00
5.999999586492776871e-01,7.713520433753728867e-01,9.427041281014680862e-01,1.117813913151621819e+00,1.318142050877213478e+00,1.533976523205637932e+00,1.774752186611294746e+00,2.005797671154141426e+00,2.117566904053092003e+00,2.241955650970339775e+00,2.380894543603062630e+00,2.529759472236037254e+00,2.683614334091544151e+00,2.839243086054921150e+00,2.998617058619856834e+00,3.162882803007960320e+00,3.330639144405722618e+00,3.502281988039612770e+00,3.680300572887063026e+00,3.867037827149033546e+00,4.061075812205672264e+00,4.265188099816441536e+00,4.478803602978587151e+00,4.700971627607941628e+00,4.929683404043316841e+00,5.171013390645384789e+00,5.424738628789782524e+00,5.689097521826624870e+00,5.958480620756745338e+00,6.233668094500899315e+00,6.518974294885993004e+00,6.815183395519852638e+00,7.118102209642529488e+00,7.430138858035206795e+00,7.750424789264798164e+00,8.076518913730978966e+00,8.404928212985396385e+00,8.734829863533377647e+00,9.070955729112029076e+00,9.411716880276799202e+00
6.499999668449163437e-01,8.213520515710115433e-01,9.927041362971067429e-01,1.169588277116417885e+00,1.372379111126065254e+00,1.592939766123890877e+00,1.836297614499926567e+00,2.033797791227698326e+00,2.149724634364247322e+00,2.278418047353625298e+00,2.421836787834763527e+00,2.573833195492625237e+00,2.729159267619252205e+00,2.887524804100394249e+00,3.049198957160115242e+00,3.215980390086770058e+00,3.386422852054238319e+00,3.560836380347609520e+00,3.742784308269619942e+00,3.933021286502480507e+00,4.132055351510643959e+00,4.340633051469922066e+00,4.559055296704173088e+00,4.783858219161629677e+00,5.018154205754399300e+00,5.265343235805630684e+00,5.524429632350802422e+00,5.792218307033181190e+00,6.063497578725218773e+00,6.343199266120791435e+00,6.633810466155409813e+00,6.934049585834145546e+00,7.241126289591193199e+00,7.558115618303418159e+00,7.881257170811295509e+00,8.208361966535449028e+00,8.537674648687243462e+00,8.869357546791434288e+00,9.208034118637442589e+00,9.549381071701645851e+00
6.999999750405550003e-01,8.713520597666501999e-01,1.042704144492745399e+00,1.222057314589619637e+00,1.427009189501404762e+00,1.653101155534386635e+00,1.897763973101973534e+00,2.062834938988089561e+00,2.183006564155220985e+00,2.316812658682465553e+00,2.464294852688908577e+00,2.618960896506905556e+00,2.776079671457409859e+00,2.936687367036938667e+00,3.101475676521658897e+00,3.270296333357691765e+00,3.443491412326693535e+00,3.620786266401410103e+00,3.806950664147734642e+00,4.000946274027228355e+00,4.204867547377943993e+00,4.418459953740239143e+00,4.640089301392436028e+00,4.869016958400607109e+00,5.108727188780903816e+00,5.361924646422266960e+00,5.625051399692893028e+00,5.894553242251276970e+00,6.169532006606459618e+00,6.453928770497441292e+00,6.749932421371340752e+00,7.053798856213688850e+00,7.365993922576308250e+00,7.686485769227147102e+00,8.011932065710425377e+00,8.339817123487591743e+00,8.669429039582610130e+00,9.004031633958220482e+00,9.343773266300559044e+00,9.685619128867983818e+00
7.499999832361936569e-01,9.213520679622888565e-01,1.092723989859223366e+00,1.274863397702574730e+00,1.482074288651347160e+00,1.714167045429348946e+00,1.958987815305590630e+00,2.093049651011824608e+00,2.217405429109930992e+00,2.356933755800127983e+00,2.507826546207070351e+00,2.664459915831685066e+00,2.824227744713425636e+00,2.987115504220128059e+00,3.154494380578398705e+00,3.326060483232140541e+00,3.501682309433817863e+00,3.682532766833901405e+00,3.871754789724946022e+00,4.071236914023756981e+00,4.279938386753201485e+00,4.497016360983252525e+00,4.722658405080437660e+00,4.956197319552302361e+00,5.201834859326481819e+00,5.458995932713150978e+00,5.725779617205262184e+00,5.997823411598801613e+00,6.277273735031485558e+00,6.566765671595931053e+00,6.867493642494082451e+00,7.175377709791064262e+00,7.492270087823271751e+00,7.815760979428887367e+00,8.141836011782288551e+00,8.470948366448283195e+00,8.801775844767689705e+00,9.138042060658335686e+00,9.478821279481053352e+00,9.819614095613360405e+00
7.999999914318323135e-01,9.713520761579275131e-01,1.142842927947640419e+00,1.328070415183901787e+00,1.537569006904959679e+00,1.775941019877791405e+00,2.009012689813971519e+00,2.124733245000243187e+00,2.253383258357644081e+00,2.398074092343449593e+00,2.552571566775441170e+00,2.711130538955330849e+00,2.873305371031165123e+00,3.038903931155800819e+00,3.208610275760293007e+00,3.383111814036965370e+00,3.560607461258769035e+00,3.745176130905747414e+00,3.939530951902270317e+00,4.143562680110335350e+00,4.355893703177571297e+00,4.577291896566748619e+00,4.806648055091500282e+00,5.045310920104384422e+00,5.295671382918953896e+00,5.556835001334547997e+00,5.826601432636380196e+00,6.101914728060364723e+00,6.386090395972132683e+00,6.681406171992421150e+00,6.986258691176772118e+00,7.298190100118517876e+00,7.619063509628176689e+00,7.944512320682406425e+00,8.271150151267647743e+00,8.600775012746453285e+00,8.933635568246245384e+00,9.271659469231963158e+00,9.611572558060288429e+00,9.951682621613144875e+00
8.499999996274709702e-01,1.021352084353566170e+00,1.193012995645403862e+00,1.381702488288283348e+00,1.594561198726296425e+00,1.838128687813878059e+00,2.037559682503342628e+00,2.157806931063532829e+00,2.291424525901675224e+00,2.440825337544083595e+00,2.597867837175726891e+00,2.759296866133809090e+00,2.923625102266669273e+00,3.091614553704857826e+00,3.264272166416049004e+00,3.440987365320324898e+00,3.621233580633997917e+00,3.810076275840401649e+00,4.009116580709815025e+00,4.217313742265105247e+00,4.433360649272799492e+00,4.659228818491101265e+00,4.892607359215617180e+00,5.135443015024065971e+00,5.390242906287312508e+00,5.655336147174239159e+00,5.928015196695923805e+00,6.207623286172747612e+00,6.496920855715870857e+00,6.797590246424078941e+00,7.106102583929896355e+00,7.422592164948582649e+00,7.746468810364603996e+00,8.072337368503212929e+00,8.399764401838183403e+00,8.730510482564568520e+00,9.065096499398350716e+00,9.403761243447661400e+00,9.742319630458950996e+00,1.008225479163229465e+01
9.000000078231096268e-01,1.071352092549204826e+00,1.243205321952700615e+00,1.435496238991618156e+00,1.653101434931159019e+00,1.900392072275280952e+00,2.067330898717045784e+00,2.191838948056101799e+00,2.331403316929936409e+00,2.484754426404833794e+00,2.644300227984786034e+00,2.808338264003396034e+00,2.975260326638817787e+00,3.145529748871922493e+00,3.321192739531397820e+00,3.499805415049195290e+00,3.683117171749472618e+00,3.876722650602459908e+00,4.080360056832432747e+00,4.291972564533352852e+00,4.512653080746531487e+00,4.742331197485327721e+00,4.979433538392186165e+00,5.226235510781407356e+00,5.485162837430834770e+00,5.754367215558886528e+00,6.030637724325060844e+00,6.315235001966357231e+00,6.609686696901917458e+00,6.915179407224059105e+00,7.227358547970652580e+00,7.547924434766173363e+00,7.873058831319212914e+00,8.199343038722872734e+00,8.527760533615946770e+00,8.860208978876471519e+00,9.195244358852505684e+00,9.533229609951376915e+00,9.871848719194531441e+00,1.021063537336885929e+01
9.500000160187482834e-01,1.121352100744843483e+00,1.293519278988242149e+00,1.489286171272397041e+00,1.713289180770516396e+00,1.962506910786032677e+00,2.098412113264203072e+00,2.227421337738633156e+00,2.372859464958310127e+00,2.529761334881186485e+00,2.692454634234309196e+00,2.858664700761437416e+00,3.027875302359461784e+00,3.201037412509322166e+00,3.378667915239930153e+00,3.559177136048674583e+00,3.747277474030852318e+00,3.945666225627064705e+00,4.152477765455842018e+00,4.368296964094042778e+00,4.593430878594517708e+00,4.826206108555197716e+00,5.066500091925263405e+00,5.317683471366763115e+00,5.581514583900570869e+00,5.854235449805855751e+00,6.134703615680336952e+00,6.424456136301159859e+00,6.724499678239226341e+00,7.033439585939049721e+00,7.349371211603283882e+00,7.673037657514214516e+00,7.999149849638342857e+00,8.325447561219334602e+00,8.654539147391915321e+00,8.988862903788685799e+00,9.323520911857485771e+00,9.661380713805556297e+00,9.998277900740504265e+00,1.033680117689073086e+01
1.000000024214386940e+00,1.171352015808224678e+00,1.344047347083687782e+00,1.543784281238913536e+00,1.774821942672133446e+00,2.011085906997323036e+00,2.131146239116787910e+00,2.265066700056195259e+00,2.415848290547728539e+00,2.575642755255103111e+00,2.741607511416077614e+00,2.910228772088885307e+00,3.081716177985072136e+00,3.257669368758797646e+00,3.437102539464831352e+00,3.620819887146353722e+00,3.813386661931872368e+00,4.015372553840279579e+00,4.226669063791632652e+00,4.446412669494748116e+00,4.675035411491990089e+00,4.910513618960976601e+00,5.154266348108649254e+00,5.410677241161465645e+00,5.679038586094975471e+00,5.955638503655791283e+00,6.240660464391112328e+00,6.535474350675940514e+00,6.840475043281912804e+00,7.153001381084322929e+00,7.472406467422842979e+00,7.797880796715617180e+00,8.123918762430548668e+00,8.451435668393969536e+00,8.782211365178227425e+00,9.115295996889472008e+00,9.450357453897595406e+00,9.787348983809351921e+00,1.012361845932900906e+01,1.046095998026430607e+01
1.050000032410025597e+00,1.221352024003863335e+00,1.394825475290417671e+00,1.598898088559508324e+00,1.837300369516015053e+00,2.040265174582600594e+00,2.165033901110291481e+00,2.304706675931811333e+00,2.460234193131327629e+00,2.623600745573639870e+00,2.792063774541020393e+00,2.962805936112999916e+00,3.137018857523798943e+00,3.315027849748730659e+00,3.496519150212407112e+00,3.684181300923228264e+00,3.880393365398049355e+00,4.086678614839911461e+00,4.302010452374815941e+00,4.525268403813242912e+00,4.756709141656756401e+00,4.994822060689330101e+00,5.243319971486926079e+00,5.505143059417605400e+00,5.777214048430323601e+00,6.058326596394181252e+00,6.348514324054121971e+00,6.648495653644204140e+00,6.957506155595183372e+00,7.272863155230879784e+00,7.595179928466677666e+00,7.922199880704283714e+00,8.247970184311270714e+00,8.576472057029604912e+00,8.907571667805314064e+00,9.240194736048579216e+00,9.575994452461600304e+00,9.910838166251778603e+00,1.024684174917638302e+01,1.058227117173373699e+01
1.100000040605664253e+00,1.271352032199501991e+00,1.446442818269133568e+00,1.654627220705151558e+00,1.900322409346699715e+00,2.070772321894764900e+00,2.200245810672640800e+00,2.346337540075182915e+00,2.505599381402134895e+00,2.672931971028447151e+00,2.843627007678151131e+00,3.016666555777192116e+00,3.193150414153933525e+00,3.373060701414942741e+00,3.557406784966588020e+00,3.748902538791298866e+00,3.948932653293013573e+00,4.159369552507996559e+00,4.378241999074816704e+00,4.604615597054362297e+00,4.838221659883856773e+00,5.080100009217858315e+00,5.333947530016303062e+00,5.600877804681658745e+00,5.876864632591605186e+00,6.162515049800276756e+00,6.457819091156125069e+00,6.762769864872097969e+00,7.074727443978190422e+00,7.393146352842450142e+00,7.717864820733666420e+00,8.044968312606215477e+00,8.371592545881867409e+00,8.699682494625449181e+00,9.030740940943360329e+00,9.364442015066742897e+00,9.698705980554223061e+00,1.003224547021090984e+01,1.036781645379960537e+01,1.070017949678003788e+01
1.149999955669045448e+00,1.321352040395140648e+00,1.499045128002762794e+00,1.712282514199614525e+00,1.963425381109118462e+00,2.102882554754614830e+00,2.237625280395150185e+00,2.389567298814654350e+00,2.552964398637413979e+00,2.723550656810402870e+00,2.896383451297879219e+00,3.071788186207413673e+00,3.250012965872883797e+00,3.432667115703225136e+00,3.619899088516831398e+00,3.814704297110438347e+00,4.019136307761073112e+00,4.233265062794089317e+00,4.454730497673153877e+00,4.684014851227402687e+00,4.920371947810053825e+00,5.167056480422616005e+00,5.426411842927336693e+00,5.697642127051949501e+00,5.978401238098740578e+00,6.268839770928025246e+00,6.568972440436482430e+00,6.877725059166550636e+00,7.192544220015406609e+00,7.513938983902335167e+00,7.839949848130345345e+00,8.166782883927226067e+00,8.494310500100255013e+00,8.821637788787484169e+00,9.152899077162146568e+00,9.486669534817337990e+00,9.819045802578330040e+00,1.015275525860488415e+01,1.048470004461705685e+01,1.081650373525917530e+01
1.199999963864684105e+00,1.371352048590779305e+00,1.552204182371497154e+00,1.772041013464331627e+00,2.011976623907685280e+00,2.136570168659090996e+00,2.276986511424183846e+00,2.434129221364855766e+00,2.602131059393286705e+00,2.775305556133389473e+00,2.950573014095425606e+00,3.127660555765032768e+00,3.308278368785977364e+00,3.493486484512686729e+00,3.683306789025664330e+00,3.881812328472733498e+00,4.090448608621954918e+00,4.307062504813075066e+00,4.531437018886208534e+00,4.763366049155592918e+00,5.003655748441815376e+00,5.255719134584069252e+00,5.520059866830706596e+00,5.795753328129649162e+00,6.081277644261717796e+00,6.376468436792492867e+00,6.681227544322609901e+00,6.993279000744223595e+00,7.310354011133313179e+00,7.633930211886763573e+00,7.961241295561194420e+00,8.287620032206177711e+00,8.614382194355130196e+00,8.942178590223193169e+00,9.274022886529564857e+00,9.606527863070368767e+00,9.937536763027310371e+00,1.026928038336336613e+01,1.060031442902982235e+01,1.093025631271302700e+01
1.249999972060322762e+00,1.421352056786417961e+00,1.605997839942574501e+00,1.833826629444956779e+00,2.041789004579186440e+00,2.171623287722468376e+00,2.318688808009028435e+00,2.480643289163708687e+00,2.653023181483149529e+00,2.828386100009083748e+00,3.005557460710406303e+00,3.184413863345980644e+00,3.367773117497563362e+00,3.554421709850430489e+00,3.748054662719368935e+00,3.950297506526112556e+00,4.161833738908171654e+00,4.381249891594052315e+00,4.608553135767579079e+00,4.843696253374218941e+00,5.088506219908595085e+00,5.345915304496884346e+00,5.615499662235379219e+00,5.895208334550261497e+00,6.185726495459675789e+00,6.485216738656163216e+00,6.794311804696917534e+00,7.108315778896212578e+00,7.428388064727187157e+00,7.753382949158549309e+00,8.081430057063698769e+00,8.407566277310252190e+00,8.733031665906310081e+00,9.061430068686604500e+00,9.393482888117432594e+00,9.723870875313878059e+00,1.005335371010005474e+01,1.038383399136364460e+01,1.071375622414052486e+01,1.104176011867821217e+01
1.299999980255961418e+00,1.471352064982056618e+00,1.659979531541466713e+00,1.897174818441271782e+00,2.073181653395295143e+00,2.208740031346678734e+00,2.362235402688384056e+00,2.529501495882868767e+00,2.705131517723202705e+00,2.882926212623715401e+00,3.061112063005566597e+00,3.242687182500958443e+00,3.427637880668044090e+00,3.616628097370266914e+00,3.813846828415989876e+00,4.019152885302901268e+00,4.233627533540129662e+00,4.455911414697766304e+00,4.686309164389967918e+00,4.925108840689063072e+00,5.175265343859791756e+00,5.437788786366581917e+00,5.712254019454121590e+00,5.996653763577342033e+00,6.291996175423264503e+00,6.595437275245785713e+00,6.908157328143715858e+00,7.223941618576645851e+00,7.546143652871251106e+00,7.872025622054934502e+00,8.200098061934113503e+00,8.525211317464709282e+00,8.850751770660281181e+00,9.179227286949753761e+00,9.510293276980519295e+00,9.838319336995482445e+00,1.016696081496775150e+01,1.049697739072144032e+01,1.082414579577744007e+01,1.115152933634817600e+01
1.349999988451600075e+00,1.521352073177695274e+00,1.714847469702363014e+00,1.961144106462597847e+00,2.106444956734776497e+00,2.248045662418007851e+00,2.407417027279734612e+00,2.580423420295119286e+00,2.758688246831297874e+00,2.938121603801846504e+00,3.118259785696864128e+00,3.301761439070105553e+00,3.488110518082976341e+00,3.679940430447459221e+00,3.879770403727889061e+00,4.088124120607972145e+00,4.305491270497441292e+00,4.531033290550112724e+00,4.764820029959082603e+00,5.007964232936501503e+00,5.263642454519867897e+00,5.531170172616839409e+00,5.810234276577830315e+00,6.099506141617894173e+00,6.398167228326201439e+00,6.706941826269030571e+00,7.021155720576643944e+00,7.339239446446299553e+00,7.662976952269673347e+00,7.990044215694069862e+00,8.316993759945034981e+00,8.640790591016411781e+00,8.966859290376305580e+00,9.295345610007643700e+00,9.624643670395016670e+00,9.950400376692414284e+00,1.027912781573832035e+01,1.060746000148355961e+01,1.093243560753762722e+01,1.125969686545431614e+01
1.399999996647238731e+00,1.571421464905142784e+00,1.770731760188937187e+00,2.011502021923661232e+00,2.141261519864201546e+00,2.289846399798989296e+00,2.455404726788401604e+00,2.632936136797070503e+00,2.813565032556653023e+00,2.994095114991068840e+00,3.176368819549679756e+00,3.361015254631638527e+00,3.549072751775383949e+00,3.743440238758921623e+00,3.946050861850380898e+00,4.157514078542590141e+00,4.378011683002114296e+00,4.607259901240468025e+00,4.844427062198519707e+00,5.092537822201848030e+00,5.353562952950596809e+00,5.626375181600451469e+00,5.909617291763424873e+00,6.203197548165917397e+00,6.505644740536808968e+00,6.818702677264809608e+00,7.134107826277613640e+00,7.454128982499241829e+00,7.779494347050786018e+00,8.106595696881413460e+00,8.432033890858292580e+00,8.755671745166182518e+00,9.081194782629609108e+00,9.409182937815785408e+00,9.735858021304011345e+00,1.006097220815718174e+01,1.038933456875383854e+01,1.071494366042315960e+01,1.103950007818639278e+01,1.136449337936937809e+01
1.450000004842877388e+00,1.621604571118950844e+00,1.829341379925608635e+00,2.042030775919556618e+00,2.178281871601939201e+00,2.333810040727257729e+00,2.506048465147614479e+00,2.687286539003252983e+00,2.869101753458380699e+00,3.051365585997700691e+00,3.234676411375403404e+00,3.420665254816412926e+00,3.610159037634730339e+00,3.807170921936631203e+00,4.012867948040366173e+00,4.227496078237891197e+00,4.451686656102538109e+00,4.684319114312529564e+00,4.925677226856350899e+00,5.179090006276965141e+00,5.445102555677294731e+00,5.722931912168860435e+00,6.010670913383364677e+00,6.307841232046484947e+00,6.614685012027621269e+00,6.929913023486733437e+00,7.246237574145197868e+00,7.568503683432936668e+00,7.894814061000943184e+00,8.221353823319077492e+00,8.545060409232974052e+00,8.868860872462391853e+00,9.193740645423531532e+00,9.519807668402791023e+00,9.845520136877894402e+00,1.017064559273421764e+01,1.049692914821207523e+01,1.082054409198462963e+01,1.114536686800420284e+01,1.146656670607626438e+01
1.500000013038516045e+00,1.672032615169882774e+00,1.891232794150710106e+00,2.074575284495949745e+00,2.217628760263323784e+00,2.380729047581553459e+00,2.558849984779953957e+00,2.742580370977520943e+00,2.926004258915781975e+00,3.109074616804718971e+00,3.293139068409800529e+00,3.479891968891024590e+00,3.671300550922751427e+00,3.871296020224690437e+00,4.080225573852658272e+00,4.298320924863219261e+00,4.526106500998139381e+00,4.762338427826762199e+00,5.008372990414500237e+00,5.266978079453110695e+00,5.538174463436007500e+00,5.820475937798619270e+00,6.111797364428639412e+00,6.412978982552886009e+00,6.724596070125699043e+00,7.039996189996600151e+00,7.358275214210152626e+00,7.682082382962107658e+00,8.008526032790541649e+00,8.334457082673907280e+00,8.656117459759116173e+00,8.980062836781144142e+00,9.303705999627709389e+00,9.628802957013249397e+00,9.953393274918198586e+00,1.027741921134293079e+01,1.060228920541703701e+01,1.092499927617609501e+01,1.124786031432449818e+01,1.156562822870910168e+01
1.550000021234154701e+00,1.723249768838286400e+00,1.955559803172945976e+00,2.109065046533942223e+00,2.259585214778780937e+00,2.430652407929301262e+00,2.613863861188292503e+00,2.799149183556437492e+00,2.983255451545119286e+00,3.166742203757166862e+00,3.351324936375021935e+00,3.538609994575381279e+00,3.732810309156775475e+00,3.935992205515503883e+00,4.148342600092291832e+00,4.370200494304299355e+00,4.601718531921505928e+00,4.841714771464467049e+00,5.092500103637576103e+00,5.356568889692425728e+00,5.633064871653914452e+00,5.918786441907286644e+00,6.213623890653252602e+00,6.519299233332276344e+00,6.833729287609457970e+00,7.149542169645428658e+00,7.470313971862196922e+00,7.794764870777726173e+00,8.120990684255957603e+00,8.445168239995837212e+00,8.766450779512524605e+00,9.089038195088505745e+00,9.411764284595847130e+00,9.736379189416766167e+00,1.005907519720494747e+01,1.038203448988497257e+01,1.070580515079200268e+01,1.102779679931700230e+01,1.134708938188850880e+01,1.166261048056185246e+01
1.600000029429793358e+00,1.776180928573012352e+00,2.009460190311074257e+00,2.146192314103245735e+00,2.305134059861302376e+00,2.483579656109213829e+00,2.670197328552603722e+00,2.856406616047024727e+00,3.040430275723338127e+00,3.223666502162814140e+00,3.408795827999711037e+00,3.597525367513298988e+00,3.794875973835587502e+00,4.001562530174851418e+00,4.217453720048069954e+00,4.443234810605645180e+00,4.678615694865584373e+00,4.922448238357901573e+00,5.178405484184622765e+00,5.447786627337336540e+00,5.729082459583878517e+00,6.017985148355364799e+00,6.316901976242661476e+00,6.626580329611897469e+00,6.941789994016289711e+00,7.258486328646540642e+00,7.581199007108807564e+00,7.906233472749590874e+00,8.231548173353075981e+00,8.553731581196188927e+00,8.874687692150473595e+00,9.195369435474276543e+00,9.518541535362601280e+00,9.841869538649916649e+00,1.016283049248158932e+01,1.048497636802494526e+01,1.080784467048943043e+01,1.112746489234268665e+01,1.144460081122815609e+01,1.175704407505691051e+01
1.650000037625432014e+00,1.830196613445878029e+00,2.040900802239775658e+00,2.186000859364867210e+00,2.354411361739039421e+00,2.538918377831578255e+00,2.727791806682944298e+00,2.913681091740727425e+00,3.096828097477555275e+00,3.279919316992163658e+00,3.465727670118212700e+00,3.657043306156992912e+00,3.857651865109801292e+00,4.068015282973647118e+00,4.287468874827027321e+00,4.517316306009888649e+00,4.756292002275586128e+00,5.004406301304697990e+00,5.265934625640511513e+00,5.540352175012230873e+00,5.825424147769808769e+00,6.117395637556910515e+00,6.420407025143504143e+00,6.733294902369379997e+00,7.048474671319127083e+00,7.367317797616124153e+00,7.690908154472708702e+00,8.016352867707610130e+00,8.339657401666045189e+00,8.659931505098938942e+00,8.980472432449460030e+00,9.301090752705931664e+00,9.623501216992735863e+00,9.944784129038453102e+00,1.026478656567633152e+01,1.058705090545117855e+01,1.090759509243071079e+01,1.122499327175319195e+01,1.153991078026592731e+01,1.184991751797497272e+01
1.700000045821070671e+00,1.885798340663313866e+00,2.074884204193949699e+00,2.229252876713871956e+00,2.407386200502514839e+00,2.596666617318987846e+00,2.785462187603116035e+00,2.969731437042355537e+00,3.152180043980479240e+00,3.335718577727675438e+00,3.522858349606394768e+00,3.717337595298886299e+00,3.921501757577061653e+00,4.135432327166199684e+00,4.358763108029961586e+00,4.592689452692866325e+00,4.835014184936881065e+00,5.087844887748360634e+00,5.355079704895615578e+00,5.634418083354830742e+00,5.922320438548922539e+00,6.217820616438984871e+00,6.524519203230738640e+00,6.838605133816599846e+00,7.154896995052695274e+00,7.475722534582018852e+00,7.799606351181864738e+00,8.124327240511775017e+00,8.445531642064452171e+00,8.764646342024207115e+00,9.084618883207440376e+00,9.405620349571108818e+00,9.726044675335288048e+00,1.004543178714811802e+01,1.036533755250275135e+01,1.068674805574119091e+01,1.100472570396959782e+01,1.132065136916935444e+01,1.163275237195193768e+01,1.194092384539544582e+01
1.749999960884451866e+00,1.946590049192309380e+00,2.112243929877877235e+00,2.277361182495951653e+00,2.463546441867947578e+00,2.655112510547041893e+00,2.841671789065003395e+00,3.024575160816311836e+00,3.206827631220221519e+00,3.391358396038413048e+00,3.580461395904421806e+00,3.778465883806347847e+00,3.986443532630801201e+00,4.203982511535286903e+00,4.431279608979821205e+00,4.669338418170809746e+00,4.915056796744465828e+00,5.173100205138325691e+00,5.445541301742196083e+00,5.728997336700558662e+00,6.019650446251034737e+00,6.319028930738568306e+00,6.628701044246554375e+00,6.942967372015118599e+00,7.260628370568156242e+00,7.583602936938405037e+00,7.906710868701338768e+00,8.229673793539404869e+00,8.549221372231841087e+00,8.868001634255051613e+00,9.187748236581683159e+00,9.507827693596482277e+00,9.826339455321431160e+00,1.014529303647577763e+01,1.046478557400405407e+01,1.078393454663455486e+01,1.110023655928671360e+01,1.141421669162809849e+01,1.172401667572557926e+01,1.203134520910680294e+01
1.799999969080090523e+00,2.005612617358565331e+00,2.153594931587576866e+00,2.330475440248847008e+00,2.522139390930533409e+00,2.711960254237055779e+00,2.896461030468344688e+00,3.078442579135298729e+00,3.261083504185080528e+00,3.447199193760752678e+00,3.638842469081282616e+00,3.840538812801241875e+00,4.052413208410143852e+00,4.273541038855910301e+00,4.504941822960972786e+00,4.746389435604214668e+00,4.996066307649016380e+00,5.259795347228646278e+00,5.537081183865666389e+00,5.823902646079659462e+00,6.117235915735363960e+00,6.420381972566246986e+00,6.731696100905537605e+00,7.046387298032641411e+00,7.366162305697798729e+00,7.689747074618935585e+00,8.011675020679831505e+00,8.332813391461968422e+00,8.650791691616177559e+00,8.970184298232197762e+00,9.289358695968985558e+00,9.607316134497523308e+00,9.925220115110278130e+00,1.024368726648390293e+01,1.056211679242551327e+01,1.087892395444214344e+01,1.119439979083836079e+01,1.150578516535460949e+01,1.181398336775600910e+01,1.211995319463312626e+01
1.849999977275729179e+00,2.038637036457657814e+00,2.200771449133753777e+00,2.387593081220984459e+00,2.580025652423501015e+00,2.767119044438004494e+00,2.949996432289481163e+00,3.131752694025635719e+00,3.315535420551896095e+00,3.503445675596594810e+00,3.698351839557290077e+00,3.903620364144444466e+00,4.119362169876694679e+00,4.344362998381257057e+00,4.580006422474980354e+00,4.824225744232535362e+00,5.078681511804461479e+00,5.348072340711951256e+00,5.629519233480095863e+00,5.919105978682637215e+00,6.215078895911574364e+00,6.520918430760502815e+00,6.833514338359236717e+00,7.150014350190758705e+00,7.471233280375599861e+00,7.793821627274155617e+00,8.114686654880642891e+00,8.434048248454928398e+00,8.751957817003130913e+00,9.070676891133189201e+00,9.389131469652056694e+00,9.705471480265259743e+00,1.002236646600067616e+01,1.034044143743813038e+01,1.065659034065902233e+01,1.097312974743545055e+01,1.128603755496442318e+01,1.159563236869871616e+01,1.190314064733684063e+01,1.220636158250272274e+01
1.899999985471367836e+00,2.077224059030413628e+00,2.254208503291010857e+00,2.445271098986268044e+00,2.635825378820300102e+00,2.820679778233170509e+00,3.002520045265555382e+00,3.184998547658324242e+00,3.370240004733204842e+00,3.560173278674483299e+00,3.758735815063118935e+00,3.968032216653227806e+00,4.187360918149352074e+00,4.416337190195918083e+00,4.655791213735938072e+00,4.903111001476645470e+00,5.162930814549326897e+00,5.437489179894328117e+00,5.722526693716645241e+00,6.014299998059868813e+00,6.313675502315163612e+00,6.620762543752789497e+00,6.935005029663443565e+00,7.252654107287526131e+00,7.574748666957020760e+00,7.895626639947295189e+00,8.215252915397286415e+00,8.533948054537177086e+00,8.851893385872244835e+00,9.170010825619101524e+00,9.486334444954991341e+00,9.801998874172568321e+00,1.011833338998258114e+01,1.043508383445441723e+01,1.075018984265625477e+01,1.106543815694749355e+01,1.137610352598130703e+01,1.168446517549455166e+01,1.199000547640025616e+01,1.229059095494449139e+01
1.949999993667006493e+00,2.125360770151019096e+00,2.310002548620104790e+00,2.501881355419754982e+00,2.689787885174155235e+00,2.873042738065123558e+00,3.054751036688685417e+00,3.238349175080657005e+00,3.425298770889639854e+00,3.617870481684803963e+00,3.820228530094027519e+00,4.033494321629405022e+00,4.256559489294886589e+00,4.489236557856202126e+00,4.731970978900790215e+00,4.983208188787102699e+00,5.248566484078764915e+00,5.527657875791192055e+00,5.815383279696106911e+00,6.109916279092431068e+00,6.410778732970356941e+00,6.720078038051724434e+00,7.035536365583539009e+00,7.354647433385252953e+00,7.675907062366604805e+00,7.995383115485310555e+00,8.314550900831818581e+00,8.631964912638068199e+00,8.950220374390482903e+00,9.266779618337750435e+00,9.582415176555514336e+00,9.897368540987372398e+00,1.021259413100779057e+01,1.052802610211074352e+01,1.084249685518443584e+01,1.115549472160637379e+01,1.146512837149202824e+01,1.177180907689034939e+01,1.207542554475367069e+01,1.237294445745646954e+01
