0,3.021347802132368088e-01,6.042696069926023483e-01,9.187032002955675125e-01,1.267631584778428078e+00,1.628375938162207603e+00,1.989025389775633812e+00,2.185328258201479912e+00,2.449257532134652138e+00,2.781899599358439445e+00,3.131736395880579948e+00,3.475700551643967628e+00,3.847788972780108452e+00,4.267935687676072121e+00,4.734859475865960121e+00,5.251377774402499199e+00,5.815879302099347115e+00,6.411197734996676445e+00,7.047092681750655174e+00,7.719508511945605278e+00,8.410211605951189995e+00,9.118203306570649147e+00,9.841639315709471703e+00,1.057625492103397846e+01,1.132304244674742222e+01,1.208325917832553387e+01,1.284351903013885021e+01,1.360316048376262188e+01,1.436246153898537159e+01,1.512618898414075375e+01,1.588279618881642818e+01,1.663838890381157398e+01,1.740039647556841373e+01,1.817241399548947811e+01,1.894970326684415340e+01,1.973202698864042759e+01,2.051884266547858715e+01,2.130550746805965900e+01,2.207987415604293346e+01,2.285563326440751553e+01
2.499999944120645523e-01,5.521348211914300919e-01,8.542696479707956314e-01,1.182812778279185295e+00,1.540867937728762627e+00,1.905652089044451714e+00,2.138857962563633919e+00,2.394216181710362434e+00,2.731201937422156334e+00,3.076518187299370766e+00,3.415861492976546288e+00,3.780332254245877266e+00,4.191141156479716301e+00,4.647988313809037209e+00,5.149360420182347298e+00,5.697853909805417061e+00,6.275638611987233162e+00,6.892939051613211632e+00,7.545723719522356987e+00,8.221918856725096703e+00,8.912587491795420647e+00,9.623422520235180855e+00,1.034710700623691082e+01,1.107924063690006733e+01,1.182715329341590405e+01,1.257972377352416515e+01,1.332818656228482723e+01,1.407776293344795704e+01,1.483398810960352421e+01,1.558142718859016895e+01,1.633131797425448895e+01,1.708231274969875813e+01,1.784433261491358280e+01,1.861081575043499470e+01,1.938975085504353046e+01,2.016834891401231289e+01,2.095064162276685238e+01,2.172505934722721577e+01,2.249259944073855877e+01,2.325991815887391567e+01
5.000000353902578354e-01,8.021348621696233749e-01,1.106644002720713615e+00,1.452093338593840599e+00,1.818245695903897285e+00,2.092743804678320885e+00,2.338406024500727654e+00,2.678662771359086037e+00,3.019974706694483757e+00,3.355191228911280632e+00,3.713002568110823631e+00,4.113777400925755501e+00,4.560316121205687523e+00,5.047843186184763908e+00,5.579030560329556465e+00,6.140253180637955666e+00,6.738686049357056618e+00,7.372825266793370247e+00,8.033621357753872871e+00,8.708530897274613380e+00,9.404024807736277580e+00,1.011713654734194279e+01,1.083858315832912922e+01,1.157098361290991306e+01,1.231677993200719357e+01,1.305408743210136890e+01,1.379551556892693043e+01,1.454104003496468067e+01,1.528357020579278469e+01,1.602484439499676228e+01,1.676673530600965023e+01,1.751650026999413967e+01,1.827834104187786579e+01,1.904753656126558781e+01,1.981968018226325512e+01,2.059672460891306400e+01,2.136526764370501041e+01,2.213033647276461124e+01,2.289313846267759800e+01,2.365807122550904751e+01
7.499999832361936569e-01,1.052134810015559196e+00,1.366856181994080544e+00,1.727450033649802208e+00,2.047669747844338417e+00,2.281935187056660652e+00,2.623650571331381798e+00,2.962052403017878532e+00,3.293390804901719093e+00,3.645552368834614754e+00,4.036738490685820580e+00,4.471921874210238457e+00,4.946865187957882881e+00,5.460670264437794685e+00,6.006481638178229332e+00,6.584765342995524406e+00,7.201591087505221367e+00,7.845770148560404778e+00,8.507272461429238319e+00,9.185006702318787575e+00,9.887272166088223457e+00,1.059814454056322575e+01,1.131768659688532352e+01,1.205185600556433201e+01,1.278326879255473614e+01,1.351341293193399906e+01,1.425003143958747387e+01,1.498647513799369335e+01,1.571740931831300259e+01,1.645411266945302486e+01,1.719479919411242008e+01,1.794658736325800419e+01,1.870576743967831135e+01,1.947428449057042599e+01,2.024266091175377369e+01,2.100774371065199375e+01,2.177014690823853016e+01,2.252874043770134449e+01,2.328800153918564320e+01,2.405249490402638912e+01
1.000000024214386940e+00,1.302134850993752480e+00,1.635732268914580345e+00,2.004318358376622200e+00,2.225536061450839043e+00,2.566472580656409264e+00,2.902273135259747505e+00,3.230760013684630394e+00,3.577869711443781853e+00,3.959660930559039116e+00,4.383083200082182884e+00,4.845962347462773323e+00,5.342878075316548347e+00,5.872762249782681465e+00,6.432876130566000938e+00,7.031798316165804863e+00,7.659013988450169563e+00,8.305970253422856331e+00,8.968425029888749123e+00,9.656352316960692406e+00,1.035735304467380047e+01,1.106493487022817135e+01,1.178613924421370029e+01,1.251413174904882908e+01,1.323257801122963428e+01,1.396034187637269497e+01,1.468887436203658581e+01,1.541387508623301983e+01,1.614302224479615688e+01,1.687606279738247395e+01,1.761585525237023830e+01,1.836956557817757130e+01,1.912842844612896442e+01,1.988965352065861225e+01,2.065241192467510700e+01,2.140801227651536465e+01,2.216424806974828243e+01,2.291866042651236057e+01,2.367862113751471043e+01,2.443752591498196125e+01
1.249999972060322762e+00,1.553325960412621498e+00,1.914555067196488380e+00,2.169559570029377937e+00,2.507006144151091576e+00,2.840685611590743065e+00,3.166909283027052879e+00,3.509868821129202843e+00,3.882796829566359520e+00,4.294955497607588768e+00,4.745157947763800621e+00,5.225802445784211159e+00,5.740471417084336281e+00,6.284010736271739006e+00,6.863529933616518974e+00,7.472880603745579720e+00,8.106575300917029381e+00,8.753006020560860634e+00,9.426075359806418419e+00,1.011426006443798542e+01,1.081273364834487438e+01,1.152220317162573338e+01,1.224206299521028996e+01,1.295611080713570118e+01,1.367108407430350780e+01,1.439316705800592899e+01,1.511032790876924992e+01,1.583145135082304478e+01,1.655844287015497684e+01,1.729004434309899807e+01,1.803528084419667721e+01,1.878432189114391804e+01,1.953978310339152813e+01,2.029639468528330326e+01,2.104847845621407032e+01,2.179997875355184078e+01,2.255291282199323177e+01,2.330673630349338055e+01,2.406032984144985676e+01,2.481783530674874783e+01
1.500000013038516045e+00,1.818235171958804131e+00,2.113520959392189980e+00,2.445130748674273491e+00,2.777261706069111824e+00,3.101448016241192818e+00,3.441292652860283852e+00,3.805896034464240074e+00,4.206913942471146584e+00,4.644552012905478477e+00,5.109260929748415947e+00,5.608750367537140846e+00,6.135921226814389229e+00,6.697271158918738365e+00,7.288682041689753532e+00,7.907566567882895470e+00,8.540178975090384483e+00,9.197477577254176140e+00,9.872612031176686287e+00,1.056288336403667927e+01,1.125854053534567356e+01,1.197013617493212223e+01,1.267950902692973614e+01,1.338431569747626781e+01,1.409743945114314556e+01,1.480877562426030636e+01,1.552116940729320049e+01,1.624271371401846409e+01,1.696721143089234829e+01,1.770206172950565815e+01,1.844495893456041813e+01,1.919113877229392529e+01,1.994104585610330105e+01,2.069072467274963856e+01,2.143508656881749630e+01,2.218496738933026791e+01,2.293573613278567791e+01,2.368436534889042377e+01,2.443863502703607082e+01,2.519298088736832142e+01
1.749999960884451866e+00,2.057156199589371681e+00,2.381715318188071251e+00,2.711589122191071510e+00,3.034695750102400780e+00,3.371525788679718971e+00,3.728439239785075188e+00,4.119041794911026955e+00,4.544219514355063438e+00,4.994126269593834877e+00,5.477275932207703590e+00,5.989849427714943886e+00,6.532926065847277641e+00,7.107863156124949455e+00,7.709073880687355995e+00,8.330324711278080940e+00,8.971018018200993538e+00,9.633295377716422081e+00,1.031030039303004742e+01,1.099699162878096104e+01,1.169763007201254368e+01,1.240222151391208172e+01,1.310129375196993351e+01,1.380289015360176563e+01,1.450922819785773754e+01,1.521253767423331738e+01,1.592680211178958416e+01,1.664462317712605000e+01,1.737166107632219791e+01,1.810899819247424603e+01,1.884522349573671818e+01,1.958865127526223660e+01,2.033210131339728832e+01,2.107331021688878536e+01,2.181850490160286427e+01,2.256718254648149014e+01,2.331033521331846714e+01,2.405957733280956745e+01,2.481360682286322117e+01,2.556671178899705410e+01
2.000000001862645149e+00,2.316419268026947975e+00,2.643503481522202492e+00,2.966682752594351768e+00,3.300030389800667763e+00,3.650845633819699287e+00,4.031195631250739098e+00,4.444481944665312767e+00,4.880749294534325600e+00,5.347121926024556160e+00,5.845230771228671074e+00,6.371258618310093880e+00,6.930036703124642372e+00,7.512358063831925392e+00,8.121123490855097771e+00,8.746086666360497475e+00,9.395149862393736839e+00,1.005843370221555233e+01,1.073684054426848888e+01,1.142457625828683376e+01,1.212390759028494358e+01,1.281727771274745464e+01,1.351116714067757130e+01,1.420929809100925922e+01,1.490625492297112942e+01,1.561040556989610195e+01,1.632589721120893955e+01,1.704341820441186428e+01,1.777362660504877567e+01,1.850285544060170650e+01,1.923654763959348202e+01,1.997349667362868786e+01,2.071302593685686588e+01,2.145251375623047352e+01,2.219642386771738529e+01,2.293799989856779575e+01,2.368157361634075642e+01,2.443263619206845760e+01,2.518282360397279263e+01,2.593149724416434765e+01
2.250000042840838432e+00,2.573046227917075157e+00,2.896566363051533699e+00,3.227211115881800652e+00,3.572729276493191719e+00,3.943213308230042458e+00,4.345123795792460442e+00,4.768462898209691048e+00,5.218728492036461830e+00,5.701773660257458687e+00,6.212098291143774986e+00,6.753733428195118904e+00,7.318667275831103325e+00,7.913065003231167793e+00,8.525453647598624229e+00,9.158657072111964226e+00,9.809785755351185799e+00,1.047616642899811268e+01,1.115421135909855366e+01,1.184419780038297176e+01,1.253490536473691463e+01,1.322119557298719883e+01,1.391177638433873653e+01,1.460067811422049999e+01,1.529690292663872242e+01,1.600689501501619816e+01,1.671611140482127666e+01,1.743974233977496624e+01,1.816526758484542370e+01,1.888864054344594479e+01,1.961793121881783009e+01,2.035249355249106884e+01,2.108850092627108097e+01,2.182782036252319813e+01,2.256744368933141232e+01,2.330536642111837864e+01,2.405257564969360828e+01,2.480073231272399426e+01,2.554682721383869648e+01,2.628682474605739117e+01
2.499999990686774254e+00,2.824636502191424370e+00,3.152993367984890938e+00,3.493909584358334541e+00,3.855264140293002129e+00,4.245850862935185432e+00,4.657601891085505486e+00,5.091997934505343437e+00,5.559329641982913017e+00,6.055421987548470497e+00,6.579405395314097404e+00,7.129300432279706001e+00,7.706238562241196632e+00,8.306813659146428108e+00,8.924880390986800194e+00,9.562878543511033058e+00,1.021600966341793537e+01,1.088352804072201252e+01,1.156451678834855556e+01,1.224958240054547787e+01,1.293098269961774349e+01,1.361560658551752567e+01,1.429807520471513271e+01,1.498617227189242840e+01,1.568664754740893841e+01,1.639351393096148968e+01,1.710735936649143696e+01,1.782871927134692669e+01,1.854378576390445232e+01,1.926539023406803608e+01,1.999213802628219128e+01,2.072534537874162197e+01,2.146011241711676121e+01,2.219413234852254391e+01,2.293010433204472065e+01,2.367293643765151501e+01,2.441882961429655552e+01,2.516112043522298336e+01,2.590109626762568951e+01,2.663595196790993214e+01
2.750000031664967537e+00,3.077140683308243752e+00,3.414144692942500114e+00,3.766981745138764381e+00,4.146661376580595970e+00,4.547246592119336128e+00,4.967802437022328377e+00,5.419625295326113701e+00,5.900745419785380363e+00,6.408245628699660301e+00,6.943464977666735649e+00,7.502631796523928642e+00,8.089789142832159996e+00,8.693239698186516762e+00,9.318605205044150352e+00,9.957622131332755089e+00,1.061529205180704594e+01,1.128647872246801853e+01,1.196439708583056927e+01,1.264194729737937450e+01,1.331997620873153210e+01,1.399697368033230305e+01,1.467619263567030430e+01,1.536816046573221684e+01,1.607043375261127949e+01,1.677572163753211498e+01,1.749077760614454746e+01,1.820408119820058346e+01,1.891703079454600811e+01,1.963385795243084431e+01,2.036185567267239094e+01,2.109311944805085659e+01,2.182479617185890675e+01,2.255738475359976292e+01,2.329459306783974171e+01,2.403760845772922039e+01,2.477777362801134586e+01,2.551415548659861088e+01,2.624876308254897594e+01,2.697958745993673801e+01
2.999999979510903358e+00,3.332770755514502525e+00,3.678187401965260506e+00,4.047647630795836449e+00,4.437214182689785957e+00,4.846017295494675636e+00,5.281636444851756096e+00,5.748954182490706444e+00,6.240391684696078300e+00,6.758708367124199867e+00,7.302686525508761406e+00,7.874842872843146324e+00,8.465912798419594765e+00,9.077018732205033302e+00,9.703149134293198586e+00,1.034773313440382481e+01,1.100793075747787952e+01,1.167820277623832226e+01,1.235072189010679722e+01,1.302547608502209187e+01,1.369668613187968731e+01,1.437064656056463718e+01,1.505204974673688412e+01,1.574587686918675900e+01,1.644771727733314037e+01,1.715536168776452541e+01,1.786503312177956104e+01,1.856937021948397160e+01,1.928018680773675442e+01,1.999891926534473896e+01,2.072737510316073895e+01,2.145483302883803844e+01,2.218195372261106968e+01,2.291617845185101032e+01,2.365696546621620655e+01,2.439554487355053425e+01,2.512652217410504818e+01,2.586159012280404568e+01,2.658968768082559109e+01,2.732254941947758198e+01
3.250000020489096642e+00,3.589170286431908607e+00,3.948196815326809883e+00,4.327650042250752449e+00,4.725909931585192680e+00,5.145927472040057182e+00,5.599109595641493797e+00,6.075446261093020439e+00,6.576734082773327827e+00,7.106869434937834740e+00,7.662600232288241386e+00,8.241155790165066719e+00,8.838207414373755455e+00,9.451247146353125572e+00,1.008186661638319492e+01,1.073131761513650417e+01,1.139276982285082340e+01,1.206048741005361080e+01,1.272935098968446255e+01,1.339671495370566845e+01,1.406527035869657993e+01,1.473899004049599171e+01,1.542393113486468792e+01,1.612133854068815708e+01,1.682138736359775066e+01,1.752370293252170086e+01,1.822732412256300449e+01,1.893059690482914448e+01,1.963913529179990292e+01,2.036185259930789471e+01,2.108595198951661587e+01,2.181127280928194523e+01,2.254009735770523548e+01,2.327605928294360638e+01,2.401306568644940853e+01,2.474228446371853352e+01,2.547218627296388149e+01,2.620151690207421780e+01,2.692908379249274731e+01,2.766412361524999142e+01
3.499999968335032463e+00,3.849104279652237892e+00,4.218452936038374901e+00,4.606434470042586327e+00,5.013336008414626122e+00,5.451388889923691750e+00,5.914484104141592979e+00,6.398951867595314980e+00,6.913334457203745842e+00,7.453902764245867729e+00,8.019130723550915718e+00,8.602403989061713219e+00,9.201881708577275276e+00,9.819963527843356133e+00,1.045715962536633015e+01,1.110862609930336475e+01,1.176903038285672665e+01,1.243458879180252552e+01,1.309727528132498264e+01,1.376128862611949444e+01,1.442907429300248623e+01,1.510421228595077991e+01,1.579224024899303913e+01,1.648973417468369007e+01,1.718563861213624477e+01,1.788453846238553524e+01,1.858084104023873806e+01,1.928546973504126072e+01,1.999615267850458622e+01,2.071837293915450573e+01,2.143967854790389538e+01,2.216362995095551014e+01,2.289587552659213543e+01,2.363102366216480732e+01,2.435928783379495144e+01,2.508324780501425266e+01,2.581222061999142170e+01,2.653898126445710659e+01,2.726652962155640125e+01,2.800405328162014484e+01
3.750000009313225746e+00,4.109181324020028114e+00,4.487065831199288368e+00,4.883190849795937538e+00,5.305919097736477852e+00,5.756142130121588707e+00,6.225581513717770576e+00,6.722015747800469398e+00,7.248281547799706459e+00,7.799646118655800819e+00,8.371233707293868065e+00,8.955835225060582161e+00,9.561190148815512657e+00,1.018537343479692936e+01,1.082535977475345135e+01,1.147827762179076672e+01,1.213811305351555347e+01,1.279668384231626987e+01,1.345695625059306622e+01,1.411951887421309948e+01,1.478826967068016529e+01,1.546490662731230259e+01,1.615917389281094074e+01,1.684899837709963322e+01,1.754103354178369045e+01,1.823754156939685345e+01,1.893418668769299984e+01,1.963641312904655933e+01,2.034980929456651211e+01,2.106885532848536968e+01,2.179123139940202236e+01,2.251772745512425900e+01,2.324829320423305035e+01,2.397616268135607243e+01,2.469831355847418308e+01,2.542060599662363529e+01,2.614860883913934231e+01,2.687285882420837879e+01,2.760416367091238499e+01,2.834180607460439205e+01
3.999999957159161568e+00,4.368052398785948753e+00,4.755045985803008080e+00,5.163149116560816765e+00,5.600032536312937737e+00,6.056028837338089943e+00,6.534963333979249001e+00,7.046407414600253105e+00,7.583392271772027016e+00,8.142465213313698769e+00,8.713595895096659660e+00,9.305066661909222603e+00,9.916785033419728279e+00,1.054607019759714603e+01,1.118779522366821766e+01,1.184094767086207867e+01,1.249871370382606983e+01,1.315218596719205379e+01,1.381181743927299976e+01,1.447403323836624622e+01,1.514189592562615871e+01,1.582636726088821888e+01,1.651427797041833401e+01,1.719997650943696499e+01,1.789267198182642460e+01,1.858316115103662014e+01,1.928159552626311779e+01,1.998252314515411854e+01,2.070050141774117947e+01,2.141696945764124393e+01,2.213922557421028614e+01,2.286609639413654804e+01,2.359196706674993038e+01,2.431479808874428272e+01,2.503156499005854130e+01,2.575658508576452732e+01,2.648249664343893528e+01,2.720633042044937611e+01,2.794196368195116520e+01,2.867698869667947292e+01
4.249999998137354851e+00,4.627396212890744209e+00,5.023266328498721123e+00,5.446253856644034386e+00,5.889474460855126381e+00,6.353281019255518913e+00,6.848437571898102760e+00,7.368995388969779015e+00,7.916942564770579338e+00,8.476403309032320976e+00,9.052151488140225410e+00,9.652157174423336983e+00,1.026859772391617298e+01,1.089772996492683887e+01,1.154469172470271587e+01,1.219768957234919071e+01,1.284850682131946087e+01,1.350195142440497875e+01,1.416078596375882626e+01,1.482261265628039837e+01,1.549533973447978497e+01,1.617988995276391506e+01,1.686068377457559109e+01,1.754749887622892857e+01,1.823617848567664623e+01,1.892776745371520519e+01,1.962239411659538746e+01,2.032986949197947979e+01,2.104431386105716228e+01,2.176490784622728825e+01,2.248677979223430157e+01,2.320856559090316296e+01,2.393080699257552624e+01,2.464581499807536602e+01,2.536292192526161671e+01,2.608978026546537876e+01,2.681308598257601261e+01,2.754027093760669231e+01,2.827745596878230572e+01,2.900693849660456181e+01
4.500000039115548134e+00,4.885951755568385124e+00,5.294570466503500938e+00,5.726586608216166496e+00,6.175917899236083031e+00,6.653997628018260002e+00,7.159153604879975319e+00,7.693627243861556053e+00,8.242199616506695747e+00,8.804899686947464943e+00,9.389268467202782631e+00,9.993919963017106056e+00,1.061346982605755329e+01,1.124837282113730907e+01,1.189644359983503819e+01,1.254658536054193974e+01,1.319194599054753780e+01,1.384897190146148205e+01,1.450556847266852856e+01,1.516914837993681431e+01,1.584363649599254131e+01,1.652290108613669872e+01,1.720356210134923458e+01,1.788941365666687489e+01,1.857533748261630535e+01,1.926589109934866428e+01,1.996251535601913929e+01,2.067359765060245991e+01,2.138763354159891605e+01,2.210672269575297832e+01,2.282587592490017414e+01,2.354442463256418705e+01,2.426127237267792225e+01,2.497343099676072598e+01,2.569512962363660336e+01,2.642165361903607845e+01,2.714238869957625866e+01,2.787543642334640026e+01,2.860678038559854031e+01,2.933067702688276768e+01
4.749999986961483955e+00,5.146104609593749046e+00,5.565758561715483665e+00,6.002652784809470177e+00,6.463909009471535683e+00,6.954939430579543114e+00,7.472023786976933479e+00,8.011821703985333443e+00,8.561411453410983086e+00,9.131056582555174828e+00,9.723591385409235954e+00,1.033191890455782413e+01,1.095445719547569752e+01,1.159469927661120892e+01,1.224166215397417545e+01,1.288505517877638340e+01,1.353420545347034931e+01,1.418895893730223179e+01,1.484544822014868259e+01,1.551122306846082211e+01,1.618560249917209148e+01,1.686118305660784245e+01,1.754137263633310795e+01,1.822590162046253681e+01,1.891061798669397831e+01,1.960157831199467182e+01,2.030185176990926266e+01,2.101324922405183315e+01,2.173029179684817791e+01,2.244483469985425472e+01,2.315958491526544094e+01,2.387471818365156651e+01,2.458680788986384869e+01,2.530069476924836636e+01,2.602651431225240231e+01,2.674792488105595112e+01,2.747361552901566029e+01,2.820512582547962666e+01,2.893029651604592800e+01,2.965042260475456715e+01
5.000000027939677238e+00,5.406693508848547935e+00,5.833070958033204079e+00,6.279949704185128212e+00,6.754797743633389473e+00,7.254955032840371132e+00,7.782506244257092476e+00,8.322910824790596962e+00,8.878416148945689201e+00,9.454897092655301094e+00,1.005355860106647015e+01,1.066453824751079082e+01,1.129314708523452282e+01,1.193680292926728725e+01,1.257920409552752972e+01,1.322084902785718441e+01,1.387211219407618046e+01,1.452483343891799450e+01,1.518189576454460621e+01,1.584719023667275906e+01,1.652032346464693546e+01,1.719593075104057789e+01,1.787693738006055355e+01,1.855527465231716633e+01,1.924247820861637592e+01,1.993536860682070255e+01,2.063999292440712452e+01,2.135118399746716022e+01,2.206375566311180592e+01,2.277751523070037365e+01,2.348672044463455677e+01,2.420061458833515644e+01,2.491044900380074978e+01,2.562970728613436222e+01,2.635429981164634228e+01,2.707592281512916088e+01,2.780270171351730824e+01,2.852909653447568417e+01,2.924933102913200855e+01,2.996614309959113598e+01
5.249999975785613060e+00,5.665825633332133293e+00,6.099475594237446785e+00,6.558241462334990501e+00,7.044585840776562691e+00,7.555544888600707054e+00,8.087438484653830528e+00,8.629750041291117668e+00,9.192572766914963722e+00,9.777910402044653893e+00,1.037892806343734264e+01,1.099534374661743641e+01,1.163003421388566494e+01,1.227142927236855030e+01,1.290914970450103283e+01,1.355335046537220478e+01,1.420445968396961689e+01,1.485565830953419209e+01,1.551272082142531872e+01,1.617937046103179455e+01,1.685115736909210682e+01,1.752630076371133327e+01,1.820474020205438137e+01,1.888480815105140209e+01,1.957346727140247822e+01,2.026826194487512112e+01,2.097479314543306828e+01,2.168568256311118603e+01,2.239503921009600163e+01,2.310073864646255970e+01,2.381249717436730862e+01,2.452239324338734150e+01,2.523435275070369244e+01,2.595722409896552563e+01,2.667976222001016140e+01,2.740161526016891003e+01,2.812526463530957699e+01,2.884930553846061230e+01,2.956430395133793354e+01,3.027988416142761707e+01
5.500000016763806343e+00,5.923458887264132500e+00,6.367760663852095604e+00,6.839123880490660667e+00,7.333280192688107491e+00,7.852550921961665154e+00,8.387195738032460213e+00,8.935221703723073006e+00,9.505578363314270973e+00,1.009635101072490215e+01,1.070130863226950169e+01,1.132559203542768955e+01,1.196202007122337818e+01,1.259852056391537189e+01,1.323727308772504330e+01,1.388245900161564350e+01,1.453101695515215397e+01,1.517997183836996555e+01,1.583998319692909718e+01,1.650747624225914478e+01,1.717783189378678799e+01,1.785346544347703457e+01,1.852680039592087269e+01,1.921303360722959042e+01,1.990151912905275822e+01,2.060041171498596668e+01,2.130533014424145222e+01,2.201254931278526783e+01,2.271767617203295231e+01,2.342346296645700932e+01,2.413395098410546780e+01,2.484359364025294781e+01,2.555986740626394749e+01,2.628403580747544765e+01,2.700423062779009342e+01,2.772387112490832806e+01,2.844483372755348682e+01,2.916213409043848515e+01,2.987681278027594090e+01,3.059159363619983196e+01
5.749999964609742165e+00,6.181825557723641396e+00,6.637205975130200386e+00,7.117817224934697151e+00,7.621000567451119423e+00,8.146801171824336052e+00,8.682447532191872597e+00,9.238615771755576134e+00,9.817312518134713173e+00,1.041295682080090046e+01,1.102375215850770473e+01,1.165129835717380047e+01,1.228726343251764774e+01,1.292131305672228336e+01,1.356098954565823078e+01,1.420631255023181438e+01,1.485212654806673527e+01,1.550243073143064976e+01,1.616475586779415607e+01,1.683021928183734417e+01,1.750139486975967884e+01,1.817462039180099964e+01,1.885242997668683529e+01,1.953837512992322445e+01,2.022877852432429790e+01,2.092734281904995441e+01,2.163286306895315647e+01,2.233485481701791286e+01,2.303700107149779797e+01,2.374406275339424610e+01,2.445303858257830143e+01,2.516396786086261272e+01,2.588539118878543377e+01,2.660669651813805103e+01,2.732352069579064846e+01,2.804136923514306545e+01,2.876040828414261341e+01,2.947320840321481228e+01,3.018627767451107502e+01,3.089796858839690685e+01
6.000000005587935448e+00,6.440918846055865288e+00,6.907669408246874809e+00,7.394352788105607033e+00,7.908085407689213753e+00,8.435357874259352684e+00,8.977213455364108086e+00,9.542711218819022179e+00,1.012563039548695087e+01,1.072646318934857845e+01,1.134424763731658459e+01,1.197361811064183712e+01,1.260776980780065060e+01,1.324138450436294079e+01,1.388085237704217434e+01,1.452410290949046612e+01,1.516821966506540775e+01,1.582351210527122021e+01,1.648346981965005398e+01,1.715021389536559582e+01,1.782199838198721409e+01,1.849288973025977612e+01,1.917572668753564358e+01,1.986052063293755054e+01,2.055359748192131519e+01,2.125114542432129383e+01,2.195159294642508030e+01,2.265203413553535938e+01,2.335491268895566463e+01,2.406281311996281147e+01,2.477264837361872196e+01,2.548694140277802944e+01,2.620855844579637051e+01,2.692591766826808453e+01,2.763980566523969173e+01,2.835370260290801525e+01,2.907167118974030018e+01,2.978190551511943340e+01,3.049323442392051220e+01,3.119920515455305576e+01
6.250000000000000000e+00,6.701378664001822472e+00,7.174323080107569695e+00,7.672836026176810265e+00,8.190423948690295219e+00,8.720690244808793068e+00,9.271867247298359871e+00,9.843253297731280327e+00,1.043437314219772816e+01,1.103940322063863277e+01,1.165998759679496288e+01,1.229177671484649181e+01,1.292148032225668430e+01,1.355685857124626637e+01,1.419529053382575512e+01,1.483757966198027134e+01,1.548268278129398823e+01,1.613994115032255650e+01,1.679962505586445332e+01,1.746714613400399685e+01,1.813772502355277538e+01,1.881234492175281048e+01,1.949632219038903713e+01,2.018127157352864742e+01,2.087342073209583759e+01,2.157003520987927914e+01,2.226703953929245472e+01,2.296694177202880383e+01,2.367082978598773479e+01,2.438011509366333485e+01,2.509099054150283337e+01,2.580935549922287464e+01,2.652775240130722523e+01,2.723944936878979206e+01,2.795072575099766254e+01,2.866503098048269749e+01,2.937765219248831272e+01,3.008723328821361065e+01,3.079637461341917515e+01,3.149970355443656445e+01
6.499999994412064552e+00,6.959883077070116997e+00,7.442637579515576363e+00,7.948500709608197212e+00,8.468831935897469521e+00,9.007175127044320107e+00,9.565393766388297081e+00,1.014370569027960300e+01,1.074012513272464275e+01,1.134910811670124531e+01,1.197426286526024342e+01,1.260453206486999989e+01,1.323372195474803448e+01,1.386772361584007740e+01,1.450611012987792492e+01,1.514675547368824482e+01,1.579596227966248989e+01,1.645136834122240543e+01,1.711413734592497349e+01,1.778252557851374149e+01,1.845202925615012646e+01,1.913108951412141323e+01,1.981209605000913143e+01,2.050113813020288944e+01,2.118765390478074551e+01,2.188264769501984119e+01,2.258111503906548023e+01,2.328141550533473492e+01,2.398757576011121273e+01,2.469730866141617298e+01,2.541006398387253284e+01,2.612799317575991154e+01,2.684102780185639858e+01,2.754968409426510334e+01,2.825845885090529919e+01,2.897376506589353085e+01,2.968085599131882191e+01,3.039003782905638218e+01,3.109606853686273098e+01,3.179893256165087223e+01
6.750000035390257835e+00,7.218485744670033455e+00,7.710490608587861061e+00,8.220182871446013451e+00,8.746895147487521172e+00,9.292123420163989067e+00,9.859496029093861580e+00,1.044436176307499409e+01,1.104174950160086155e+01,1.165828392840921879e+01,1.228386727161705494e+01,1.291131931357085705e+01,1.354134590364992619e+01,1.417428883723914623e+01,1.481207455508410931e+01,1.545443763025105000e+01,1.610580408014357090e+01,1.676074727438390255e+01,1.742498897947371006e+01,1.809530933387577534e+01,1.876630797050893307e+01,1.944543956778943539e+01,2.012804863043129444e+01,2.081156154163181782e+01,2.149891019798815250e+01,2.219482711516320705e+01,2.289212145842611790e+01,2.359469220973551273e+01,2.430376331321895123e+01,2.501330333761870861e+01,2.572851036675274372e+01,2.644205116666853428e+01,2.714906190522015095e+01,2.785607841797173023e+01,2.856459221802651882e+01,2.927744700573384762e+01,2.998337452299892902e+01,3.069092002697288990e+01,3.139468715526163578e+01,3.209658707492053509e+01
6.999999983236193657e+00,7.477590302005410194e+00,7.976087322458624840e+00,8.491695532575249672e+00,9.024746948853135109e+00,9.578980552032589912e+00,1.015176265500485897e+01,1.074001309461891651e+01,1.134439292363822460e+01,1.196410632692277431e+01,1.259029428474605083e+01,1.321446369402110577e+01,1.384456590749323368e+01,1.447717514820396900e+01,1.511618816293776035e+01,1.575877075083553791e+01,1.641176338307559490e+01,1.706931483931839466e+01,1.773631651885807514e+01,1.840453273616731167e+01,1.907835914753377438e+01,1.975800483487546444e+01,2.043868158943951130e+01,2.111697741784155369e+01,2.180918133817613125e+01,2.250475171022117138e+01,2.320352573879063129e+01,2.390948920510709286e+01,2.461808049120008945e+01,2.532868324778974056e+01,2.604246265254914761e+01,2.675005230121314526e+01,2.745436173863708973e+01,2.815879597328603268e+01,2.886951868422329426e+01,2.957684234715998173e+01,3.028361801989376545e+01,3.099008384160697460e+01,3.169259806163609028e+01,3.239476983435451984e+01
7.250000024214386940e+00,7.735129864886403084e+00,8.239860041067004204e+00,8.761180704459547997e+00,9.303244994953274727e+00,9.865094395354390144e+00,1.044199378229677677e+01,1.103524849750101566e+01,1.164469425566494465e+01,1.226589954458177090e+01,1.288921884261071682e+01,1.351557937450706959e+01,1.414350909180939198e+01,1.477825506590306759e+01,1.541571584530174732e+01,1.606307714246213436e+01,1.671481081284582615e+01,1.737698833458125591e+01,1.804543784819543362e+01,1.871170545928180218e+01,1.938877268694341183e+01,2.006574724800884724e+01,2.074256171472370625e+01,2.142380005680024624e+01,2.211675527505576611e+01,2.281332579441368580e+01,2.351579661481082439e+01,2.422231887467205524e+01,2.493064678274095058e+01,2.564247720874845982e+01,2.634980152361094952e+01,2.705332753248512745e+01,2.775592156685888767e+01,2.845967463217675686e+01,2.917055538855493069e+01,2.987533691339194775e+01,3.058275613002479076e+01,3.128541479818522930e+01,3.199001657776534557e+01,3.269355013035237789e+01
7.499999972060322762e+00,7.993004051968455315e+00,8.503224188461899757e+00,9.031857317313551903e+00,9.583075949922204018e+00,1.014758194796741009e+01,1.073033637367188931e+01,1.132870218716561794e+01,1.194349178113043308e+01,1.256450717337429523e+01,1.318678590469062328e+01,1.381219499744474888e+01,1.444130907766520977e+01,1.507497117854654789e+01,1.571421227417886257e+01,1.636470607481896877e+01,1.701871673576533794e+01,1.768313567154109478e+01,1.834947546012699604e+01,1.902050445787608624e+01,1.969439075328409672e+01,2.036863812245428562e+01,2.104322579689323902e+01,2.173069021664559841e+01,2.242383570410311222e+01,2.312279636971652508e+01,2.382755973376333714e+01,2.453401996754109859e+01,2.524215704761445522e+01,2.594998250715434551e+01,2.665314697660505772e+01,2.735261428169906139e+01,2.805481753312051296e+01,2.876074095256626606e+01,2.946939482353627682e+01,3.017390663735568523e+01,3.087981524877250195e+01,3.158373176120221615e+01,3.228751211427152157e+01,3.298906371928751469e+01
7.750000013038516045e+00,8.249273197725415230e+00,8.765262691304087639e+00,9.305397840216755867e+00,9.859024779871106148e+00,1.043031602166593075e+01,1.101760393939912319e+01,1.162128406576812267e+01,1.223904569633305073e+01,1.285735326819121838e+01,1.348027591593563557e+01,1.410500858910381794e+01,1.473440895788371563e+01,1.536881751380860806e+01,1.601392808370292187e+01,1.666313088499009609e+01,1.732151615433394909e+01,1.798690496943891048e+01,1.865265467204153538e+01,1.932442062534391880e+01,1.999626220203936100e+01,2.066795681603252888e+01,2.134492355398833752e+01,2.203330299817025661e+01,2.273165811784565449e+01,2.343291440047323704e+01,2.413648101501166821e+01,2.484407094307243824e+01,2.554967734031379223e+01,2.625340544618666172e+01,2.695131418295204639e+01,2.765088290907442570e+01,2.835125322453677654e+01,2.905974886380136013e+01,2.976544336415827274e+01,3.047186299227178097e+01,3.117494951002299786e+01,3.188147679902613163e+01,3.258255929686129093e+01,3.328377301804721355e+01
7.999999960884451866e+00,8.505443250760436058e+00,9.031134704127907753e+00,9.576260624453425407e+00,1.013386701233685017e+01,1.071114861406385899e+01,1.130367298610508442e+01,1.191323869861662388e+01,1.252982425503432751e+01,1.314968173392117023e+01,1.377127333544194698e+01,1.439609010703861713e+01,1.502532833255827427e+01,1.566275055520236492e+01,1.631000009365379810e+01,1.696269125677645206e+01,1.762196323834359646e+01,1.828927383758127689e+01,1.895465659908950329e+01,1.962296939454972744e+01,2.029292960651218891e+01,2.096621566452085972e+01,2.164692855440080166e+01,2.234040223993360996e+01,2.303816345520317554e+01,2.374115330167114735e+01,2.444566800259053707e+01,2.514844438992440701e+01,2.585286679677665234e+01,2.655052118934690952e+01,2.724653487093746662e+01,2.794624217785894871e+01,2.864957745186984539e+01,2.935681683011353016e+01,3.006185707636177540e+01,3.076777025125920773e+01,3.147220159880816936e+01,3.217648877762258053e+01,3.287668586708605289e+01,3.357827267609536648e+01
8.250000001862645149e+00,8.762102434411644936e+00,9.296047361567616463e+00,9.844016982242465019e+00,1.040937607176601887e+01,1.099015143699944019e+01,1.158930002711713314e+01,1.220276807434856892e+01,1.281708092428743839e+01,1.343699651770293713e+01,1.405825442634522915e+01,1.468313182704150677e+01,1.531426026485860348e+01,1.595788956619799137e+01,1.660529184155166149e+01,1.725894794799387455e+01,1.792342024855315685e+01,1.858654455281794071e+01,1.925199492834508419e+01,1.991901244036853313e+01,2.058996479026973248e+01,2.126218057237565517e+01,2.194841750897467136e+01,2.264617397449910641e+01,2.334558325819671154e+01,2.404794818721711636e+01,2.475093831308186054e+01,2.545136292465031147e+01,2.615069025196135044e+01,2.684453339315950871e+01,2.754053301177918911e+01,2.824079929850995541e+01,2.894647880457341671e+01,2.965283696539700031e+01,3.035763478837907314e+01,3.106300807558000088e+01,3.176857787184417248e+01,3.246906441636383533e+01,3.316865856759250164e+01,3.387443185783922672e+01
8.500000042840838432e+00,9.020039392635226250e+00,9.559570485725998878e+00,1.011132136918604374e+01,1.068330504931509495e+01,1.126980301924049854e+01,1.187477973289787769e+01,1.248825811780989170e+01,1.310297842137515545e+01,1.372183035127818584e+01,1.434311731718480587e+01,1.496818386949598789e+01,1.560411802493035793e+01,1.625099959783256054e+01,1.689829328097403049e+01,1.755510722286999226e+01,1.822123988531529903e+01,1.888187541626393795e+01,1.954536796547472477e+01,2.021441156975924969e+01,2.088363538496196270e+01,2.156124892644584179e+01,2.225206471048295498e+01,2.294895513914525509e+01,2.365142381750047207e+01,2.435193764977157116e+01,2.505033412016928196e+01,2.574988710694015026e+01,2.644389891065657139e+01,2.713611614890396595e+01,2.783526149578392506e+01,2.853533462621271610e+01,2.924101478420197964e+01,2.994805830530822277e+01,3.065398209728300571e+01,3.135715345852077007e+01,3.206134852953255177e+01,3.276141029782593250e+01,3.346072970889508724e+01,3.417118000797927380e+01
8.749999990686774254e+00,9.277011780068278313e+00,9.820820437744259834e+00,1.037991200573742390e+01,1.095505212433636189e+01,1.154936091043055058e+01,1.215777718462049961e+01,1.276884241960942745e+01,1.338475397787988186e+01,1.400366560555994511e+01,1.462383079342544079e+01,1.525327819399535656e+01,1.589621049351990223e+01,1.653911559842526913e+01,1.719188136048614979e+01,1.785289342515170574e+01,1.851330208592116833e+01,1.917270491831004620e+01,1.983760171569883823e+01,2.050745352171361446e+01,2.117731901817023754e+01,2.186031960882246494e+01,2.255537803284823895e+01,2.325444244779646397e+01,2.395382164977490902e+01,2.465132609941065311e+01,2.534636692143976688e+01,2.604352706111967564e+01,2.673364584334194660e+01,2.742739380337297916e+01,2.812704308889806271e+01,2.883049580268561840e+01,2.953599286265671253e+01,3.024217230267822742e+01,3.094792091287672520e+01,3.165084361098706722e+01,3.235323629342019558e+01,3.305133315734565258e+01,3.375598094426095486e+01,3.446724568493664265e+01
9.000000031664967537e+00,9.533844841644167900e+00,1.008117985911667347e+01,1.064720493741333485e+01,1.122782812453806400e+01,1.182859935797750950e+01,1.243840283714234829e+01,1.304776188917458057e+01,1.366570522077381611e+01,1.428272365592420101e+01,1.490566213615238667e+01,1.553981383331120014e+01,1.618357473053038120e+01,1.682894635014235973e+01,1.748354709707200527e+01,1.814644518308341503e+01,1.880224305205047131e+01,1.946330075152218342e+01,2.013030885718762875e+01,2.079823431558907032e+01,2.147365235723555088e+01,2.215935583226382732e+01,2.285742177627980709e+01,2.355621368624269962e+01,2.425261917524039745e+01,2.494585220701992512e+01,2.564094937406480312e+01,2.633307403884828091e+01,2.702253949828445911e+01,2.771995705552399158e+01,2.841894919984042645e+01,2.912343456409871578e+01,2.983101825229823589e+01,3.053721389733254910e+01,3.123905197717249393e+01,3.194268685765564442e+01,3.264339636079967022e+01,3.334306511096656322e+01,3.405070141889154911e+01,3.476397194899618626e+01
9.249999979510903358e+00,9.789371257647871971e+00,1.034266189672052860e+01,1.091294516809284687e+01,1.150191915221512318e+01,1.210607946850359440e+01,1.271368847228586674e+01,1.332527794875204563e+01,1.394149358384311199e+01,1.455981670878827572e+01,1.518673258833587170e+01,1.582551435567438602e+01,1.646926389075815678e+01,1.711827307008206844e+01,1.777545274235308170e+01,1.843226295895874500e+01,1.908969362266361713e+01,1.975276316516101360e+01,2.042105863802134991e+01,2.108978102914988995e+01,2.176979822106659412e+01,2.246096008457243443e+01,2.315766294486820698e+01,2.385462182573974133e+01,2.454621843062341213e+01,2.523705954663455486e+01,2.593230367638170719e+01,2.662011333741247654e+01,2.731129559688270092e+01,2.801031819544732571e+01,2.871250598691403866e+01,2.941651470027863979e+01,3.012570817954838276e+01,3.082938310690224171e+01,3.152973013930022717e+01,3.223374779336154461e+01,3.293410786427557468e+01,3.363485732115805149e+01,3.434481392614543438e+01,3.506043269298970699e+01
9.500000020489096642e+00,1.004392853938043118e+01,1.060412996448576450e+01,1.117981248535215855e+01,1.177556985057890415e+01,1.238054535351693630e+01,1.298604584299027920e+01,1.360099022276699543e+01,1.421604263596236706e+01,1.483729821629822254e+01,1.546774613671004772e+01,1.611070283688604832e+01,1.675365599803626537e+01,1.740655363537371159e+01,1.806346508674323559e+01,1.871680482290685177e+01,1.937725977040827274e+01,2.004141756333410740e+01,2.071043453179299831e+01,2.138209338299930096e+01,2.206440460868179798e+01,2.276023817248642445e+01,2.345586209557950497e+01,2.414657468907535076e+01,2.483606128953397274e+01,2.552767931483685970e+01,2.621918902732431889e+01,2.690626666881144047e+01,2.760134167037904263e+01,2.830137512646615505e+01,2.900436869822442532e+01,2.971041570417582989e+01,3.041749163530766964e+01,3.111799056641757488e+01,3.182039908133447170e+01,3.252468653954565525e+01,3.322316198609769344e+01,3.392823641188442707e+01,3.464091639034450054e+01,3.535732305608689785e+01
9.749999968335032463e+00,1.029915991239249706e+01,1.086489274166524410e+01,1.144721149466931820e+01,1.204766440205276012e+01,1.265156003646552563e+01,1.325839539058506489e+01,1.387328323908150196e+01,1.449048328213393688e+01,1.511375508271157742e+01,1.574961789883673191e+01,1.639400501735508442e+01,1.703856061212718487e+01,1.769176623784005642e+01,1.834623510949313641e+01,1.900301496498286724e+01,1.966360784135758877e+01,2.033107723109424114e+01,2.099804407916963100e+01,2.167648696340620518e+01,2.236174321733415127e+01,2.305655037052929401e+01,2.374866898171603680e+01,2.443641149438917637e+01,2.512322780676186085e+01,2.581666256301105022e+01,2.650366849265992641e+01,2.719284542836248875e+01,2.789135989733040333e+01,2.859202581457793713e+01,2.929577887989580631e+01,3.000449170358479023e+01,3.070673947222530842e+01,3.140647537074983120e+01,3.211129386909306049e+01,3.281397284008562565e+01,3.351224749349057674e+01,3.422095864079892635e+01,3.493380411528050900e+01,3.565358142368495464e+01
